country_code,zip_code,latitude,ip_address,region_name,longitude,created_at,user_id,country_name,city_name,timezone,hits,updated_at
,,,109.118.66.101,,,2021-12-31 12:34:50,11519429,,,,1,2021-12-31 12:34:50
,,,109.118.67.34,,,2022-01-16 13:09:59,11519429,,,,1,2022-01-16 13:09:59
,,,109.118.70.105,,,2022-04-09 09:27:48,11519429,,,,1,2022-04-09 09:27:48
,,,109.118.75.175,,,2022-03-25 22:32:03,11519429,,,,2,2022-03-25 22:40:29
,,,109.118.76.95,,,2022-01-05 15:01:37,11519429,,,,2,2022-01-05 15:07:25
,,,130.192.155.193,,,2017-03-27 09:26:58,11519429,,,,1,2017-03-27 09:26:58
,,,130.192.155.196,,,2017-02-22 12:54:19,11519429,,,,7,2017-02-23 10:56:02
,,,130.192.155.197,,,2017-03-23 11:56:20,11519429,,,,2,2017-04-06 09:47:28
,,,151.18.178.95,,,2026-04-18 20:21:47,11519429,,,,1,2026-04-18 20:21:47
,,,151.18.192.10,,,2025-03-04 19:09:21,11519429,,,,1,2025-03-04 19:09:21
,,,151.18.4.202,,,2026-05-18 19:00:10,11519429,,,,1,2026-05-18 19:00:10
,,,151.18.49.228,,,2026-05-24 11:39:49,11519429,,,,1,2026-05-24 11:39:49
,,,151.18.60.37,,,2025-06-16 16:42:15,11519429,,,,1,2025-06-16 16:42:15
,,,151.33.104.200,,,2025-05-09 18:29:57,11519429,,,,1,2025-05-09 18:29:57
,,,151.33.104.40,,,2025-05-31 17:34:26,11519429,,,,2,2025-06-02 21:34:14
IT,10137,45.07,151.33.226.255,Piedmont,7.69,2025-06-29 22:02:16,11519429,Italy,Turin,+02:00,20,2025-11-16 21:41:52
IT,10144,45.09,151.33.234.9,Piedmont,7.66,2026-04-20 21:30:56,11519429,Italy,Turin,+02:00,6,2026-05-26 21:13:57
,,,151.33.235.255,,,2026-01-22 13:06:20,11519429,,,,3,2026-01-24 23:16:14
,,,151.33.237.39,,,2024-08-25 19:38:28,11519429,,,,3,2024-08-30 22:20:43
IT,10152,45.07,151.33.241.62,Piedmont,7.69,2025-02-03 14:21:53,11519429,Italy,Turin,+01:00,8,2025-03-19 22:29:04
,,,151.33.247.248,,,2024-04-03 11:50:14,11519429,,,,3,2024-04-08 21:24:33
IT,10136,45.09,151.33.36.248,Piedmont,7.66,2024-01-19 22:45:13,11519429,Italy,Turin,+01:00,9,2024-03-24 22:09:05
,,,151.33.67.60,,,2023-08-19 21:40:30,11519429,,,,4,2023-09-24 21:17:07
IT,10138,45.07,151.33.95.152,Piedmont,7.69,2026-03-31 18:39:50,11519429,Italy,Turin,+02:00,5,2026-04-12 19:04:32
,,,151.34.1.14,,,2024-10-26 18:46:04,11519429,,,,1,2024-10-26 18:46:04
,,,151.34.100.229,,,2026-06-10 11:15:33,11519429,,,,1,2026-06-10 11:15:33
,,,151.34.66.234,,,2026-06-01 15:12:06,11519429,,,,1,2026-06-01 15:12:06
,,,151.34.83.99,,,2024-10-24 17:52:47,11519429,,,,1,2024-10-24 17:52:47
,,,151.37.246.102,,,2023-12-09 21:00:53,11519429,,,,1,2023-12-09 21:00:53
,,,151.43.113.234,,,2025-08-20 21:40:22,11519429,,,,1,2025-08-20 21:40:22
,,,151.44.4.204,,,2026-06-24 21:04:29,11519429,,,,1,2026-06-24 21:04:29
,,,151.46.38.174,,,2025-11-21 22:07:35,11519429,,,,1,2025-11-21 22:07:35
,,,151.46.63.128,,,2026-04-23 19:34:05,11519429,,,,1,2026-04-23 19:34:05
,,,151.60.130.238,,,2026-02-11 22:24:20,11519429,,,,1,2026-02-11 22:24:20
,,,151.60.156.250,,,2024-07-02 17:57:47,11519429,,,,3,2024-07-09 18:27:03
,,,151.60.196.126,,,2024-07-21 21:35:16,11519429,,,,1,2024-07-21 21:35:16
,,,151.60.224.20,,,2024-10-19 20:47:07,11519429,,,,2,2024-11-04 21:00:20
,,,151.60.242.20,,,2024-11-24 21:55:23,11519429,,,,2,2024-11-28 14:22:32
,,,151.60.243.181,,,2024-09-08 07:17:26,11519429,,,,4,2024-10-11 14:03:52
,,,151.60.74.39,,,2025-05-22 22:02:07,11519429,,,,2,2025-05-26 20:33:43
IT,10144,45.07,151.60.74.6,Piedmont,7.69,2026-05-31 08:06:07,11519429,Italy,Turin,+02:00,12,2026-06-24 19:16:48
,,,151.60.78.118,,,2025-06-08 10:34:07,11519429,,,,1,2025-06-08 10:34:07
,,,151.60.84.137,,,2026-03-13 19:22:39,11519429,,,,2,2026-03-21 22:54:55
,,,151.68.108.132,,,2024-01-03 22:32:20,11519429,,,,1,2024-01-03 22:32:20
,,,151.68.123.30,,,2024-08-03 18:15:44,11519429,,,,1,2024-08-03 18:15:44
,,,151.68.130.195,,,2020-07-02 17:59:36,11519429,,,,1,2020-07-02 17:59:36
,,,151.68.2.67,,,2024-05-11 20:35:06,11519429,,,,1,2024-05-11 20:35:06
,,,151.68.255.230,,,2024-03-23 20:25:16,11519429,,,,1,2024-03-23 20:25:16
,,,151.82.201.16,,,2020-11-15 21:55:26,11519429,,,,1,2020-11-15 21:55:26
,,,151.82.244.25,,,2024-08-23 21:47:11,11519429,,,,1,2024-08-23 21:47:11
,,,151.82.252.110,,,2023-12-26 14:28:43,11519429,,,,1,2023-12-26 14:28:43
,,,151.82.30.40,,,2024-05-30 20:27:34,11519429,,,,1,2024-05-30 20:27:34
,,,151.82.33.82,,,2025-03-30 20:06:18,11519429,,,,1,2025-03-30 20:06:18
,,,151.82.39.11,,,2026-05-20 18:02:19,11519429,,,,1,2026-05-20 18:02:19
,,,185.118.73.210,,,2018-08-04 17:28:15,11519429,,,,2,2018-08-04 17:50:52
,,,188.219.42.206,,,2019-02-25 10:58:19,11519429,,,,4,2019-11-27 14:16:14
IT,10123,45.05,2.37.93.191,Piedmont,7.67,2017-06-27 07:41:02,11519429,Italy,Turin,+01:00,8,2018-07-16 15:29:10
,,,37.101.31.14,,,2025-08-23 10:40:19,11519429,,,,1,2025-08-23 10:40:19
,,,37.103.205.102,,,2025-06-22 21:19:03,11519429,,,,1,2025-06-22 21:19:03
,,,37.103.210.159,,,2026-01-05 22:55:35,11519429,,,,2,2026-01-15 22:00:52
,,,37.103.210.80,,,2023-11-20 13:36:49,11519429,,,,2,2023-11-24 23:18:26
,,,37.103.216.191,,,2023-12-19 13:05:58,11519429,,,,4,2024-01-05 22:19:53
IT,10137,45.09,37.103.216.195,Piedmont,7.66,2024-05-03 22:03:57,11519429,Italy,Turin,+02:00,5,2024-06-24 20:22:09
,,,37.103.225.44,,,2025-12-19 17:18:00,11519429,,,,1,2025-12-19 17:18:00
,,,37.103.239.39,,,2023-11-27 13:07:48,11519429,,,,1,2023-11-27 13:07:48
,,,37.103.244.10,,,2025-04-06 18:37:41,11519429,,,,3,2025-04-13 21:13:31
IT,10144,45.09,37.103.249.204,Piedmont,7.66,2024-12-05 21:55:24,11519429,Italy,Turin,+02:00,5,2025-01-22 17:10:48
,,,37.159.0.184,,,2022-01-04 22:42:53,11519429,,,,1,2022-01-04 22:42:53
,,,37.159.1.135,,,2021-12-12 21:04:11,11519429,,,,1,2021-12-12 21:04:11
,,,37.159.1.161,,,2022-06-26 11:51:07,11519429,,,,1,2022-06-26 11:51:07
,,,37.159.10.199,,,2022-04-06 11:02:11,11519429,,,,2,2022-04-06 11:02:11
,,,37.159.10.206,,,2022-02-18 23:00:57,11519429,,,,1,2022-02-18 23:00:57
,,,37.159.10.227,,,2021-04-03 22:08:22,11519429,,,,1,2021-04-03 22:08:22
,,,37.159.11.207,,,2022-04-15 11:52:50,11519429,,,,1,2022-04-15 11:52:50
,,,37.159.12.158,,,2023-05-13 16:35:08,11519429,,,,1,2023-05-13 16:35:08
,,,37.159.12.169,,,2020-12-31 08:53:29,11519429,,,,1,2020-12-31 08:53:29
,,,37.159.12.178,,,2021-12-29 20:43:56,11519429,,,,1,2021-12-29 20:43:56
,,,37.159.12.245,,,2022-01-03 12:31:19,11519429,,,,3,2022-01-03 22:53:21
,,,37.159.13.226,,,2020-12-06 21:24:54,11519429,,,,3,2020-12-06 21:40:01
,,,37.159.13.49,,,2022-01-06 12:09:30,11519429,,,,2,2022-01-06 12:10:23
,,,37.159.14.105,,,2022-01-02 23:10:52,11519429,,,,3,2022-01-02 23:22:27
IT,23900,45.86,37.159.15.204,Lombardy,9.40,2022-09-03 11:20:18,11519429,Italy,Lecco,+02:00,5,2022-09-03 20:09:30
,,,37.159.3.143,,,2021-07-04 11:25:03,11519429,,,,2,2021-07-04 11:32:40
,,,37.159.3.90,,,2021-06-12 11:20:33,11519429,,,,2,2021-06-12 11:21:08
,,,37.159.4.207,,,2021-02-14 21:22:40,11519429,,,,1,2021-02-14 21:22:40
,,,37.159.4.229,,,2023-02-12 13:19:45,11519429,,,,1,2023-02-12 13:19:45
,,,37.159.4.86,,,2023-06-03 17:00:32,11519429,,,,2,2023-06-03 19:48:13
,,,37.159.5.119,,,2020-12-13 17:43:35,11519429,,,,2,2020-12-13 20:02:40
,,,37.159.6.209,,,2021-04-04 13:31:39,11519429,,,,1,2021-04-04 13:31:39
,,,37.159.69.128,,,2022-01-30 08:16:04,11519429,,,,1,2022-01-30 08:16:04
,,,37.159.7.64,,,2021-11-06 12:24:48,11519429,,,,1,2021-11-06 12:24:48
,,,37.159.71.98,,,2022-02-14 22:07:43,11519429,,,,1,2022-02-14 22:07:43
,,,37.159.73.230,,,2022-07-09 19:53:28,11519429,,,,1,2022-07-09 19:53:28
,,,37.159.73.99,,,2023-07-09 15:13:26,11519429,,,,1,2023-07-09 15:13:26
,,,37.159.8.39,,,2021-08-16 11:36:03,11519429,,,,1,2021-08-16 11:36:03
,,,37.159.8.4,,,2023-02-21 06:54:12,11519429,,,,1,2023-02-21 06:54:12
,,,37.159.8.46,,,2020-12-19 21:31:36,11519429,,,,3,2020-12-19 21:38:13
,,,37.159.8.86,,,2021-12-16 12:13:21,11519429,,,,1,2021-12-16 12:13:21
,,,37.159.9.200,,,2021-12-28 17:33:09,11519429,,,,2,2021-12-28 17:34:21
,,,37.159.9.213,,,2022-02-20 21:40:00,11519429,,,,1,2022-02-20 21:40:00
IT,10122,45.07,37.182.196.249,Piedmont,7.69,2022-04-26 08:36:44,11519429,Italy,Turin,+02:00,7,2026-07-10 08:01:38
,,,37.227.114.20,,,2017-10-14 22:22:08,11519429,,,,1,2017-10-14 22:22:08
,,,37.227.152.179,,,2019-09-02 20:54:29,11519429,,,,1,2019-09-02 20:54:29
,,,37.227.176.155,,,2019-07-13 17:53:24,11519429,,,,1,2019-07-13 17:53:24
,,,37.227.177.22,,,2017-03-25 19:21:20,11519429,,,,1,2017-03-25 19:21:20
,,,37.227.207.101,,,2020-01-15 19:54:25,11519429,,,,1,2020-01-15 19:54:25
,,,37.227.21.223,,,2019-10-19 21:43:24,11519429,,,,1,2019-10-19 21:43:24
,,,37.227.223.99,,,2019-06-07 12:03:21,11519429,,,,1,2019-06-07 12:03:21
,,,37.227.52.99,,,2017-03-22 21:37:36,11519429,,,,1,2017-03-22 21:37:36
,,,37.227.88.254,,,2017-03-24 14:04:27,11519429,,,,1,2017-03-24 14:04:27
,,,5.90.1.231,,,2021-01-14 19:04:42,11519429,,,,2,2021-01-14 19:08:07
,,,5.90.10.74,,,2021-02-24 06:57:05,11519429,,,,1,2021-02-24 06:57:05
,,,5.90.14.115,,,2021-10-23 20:11:44,11519429,,,,1,2021-10-23 20:11:44
,,,5.90.2.185,,,2021-03-12 22:54:30,11519429,,,,1,2021-03-12 22:54:30
,,,5.90.7.93,,,2021-02-18 21:19:00,11519429,,,,1,2021-02-18 21:19:00
,,,5.90.8.107,,,2021-06-25 18:17:04,11519429,,,,3,2021-06-25 18:19:23
,,,62.11.176.147,,,2018-05-22 19:12:07,11519429,,,,1,2018-05-22 19:12:07
,,,62.11.176.161,,,2019-02-25 08:19:35,11519429,,,,3,2019-03-03 22:32:10
,,,62.11.176.184,,,2019-07-10 21:07:57,11519429,,,,2,2019-07-10 21:08:01
,,,62.11.176.198,,,2020-06-01 11:53:43,11519429,,,,3,2020-06-03 20:59:45
,,,62.11.176.26,,,2019-02-05 23:05:36,11519429,,,,1,2019-02-05 23:05:36
IT,10141,45.07,62.11.176.38,Piedmont,7.69,2019-09-03 21:34:56,11519429,Italy,Turin,+01:00,7,2019-09-05 21:20:00
,,,62.11.176.61,,,2019-07-23 18:37:07,11519429,,,,2,2019-07-23 21:37:08
,,,62.11.176.64,,,2018-08-30 19:02:45,11519429,,,,1,2018-08-30 19:02:45
,,,62.11.176.75,,,2018-11-12 21:48:31,11519429,,,,2,2018-11-12 22:46:45
,,,62.11.177.141,,,2023-03-15 13:02:24,11519429,,,,3,2023-03-15 16:16:15
,,,62.11.177.163,,,2019-08-19 20:26:34,11519429,,,,1,2019-08-19 20:26:34
,,,62.11.177.185,,,2018-09-12 21:46:18,11519429,,,,1,2018-09-12 21:46:18
,,,62.11.177.238,,,2018-07-24 22:10:55,11519429,,,,1,2018-07-24 22:10:55
,,,62.11.177.75,,,2018-05-01 22:00:37,11519429,,,,4,2018-05-08 21:08:33
,,,62.11.177.93,,,2020-08-25 05:13:12,11519429,,,,1,2020-08-25 05:13:12
,,,62.11.178.138,,,2018-07-29 21:27:02,11519429,,,,1,2018-07-29 21:27:02
,,,62.11.178.80,,,2018-07-02 20:55:40,11519429,,,,2,2018-07-02 20:56:58
IT,10144,45.05,62.11.179.111,Piedmont,7.66,2021-05-18 18:00:24,11519429,Italy,Turin,+02:00,8,2021-07-01 17:53:10
,,,62.11.179.126,,,2018-10-16 18:42:35,11519429,,,,1,2018-10-16 18:42:35
,,,62.11.179.139,,,2018-12-05 23:03:03,11519429,,,,1,2018-12-05 23:03:03
,,,62.11.179.144,,,2019-03-07 22:12:46,11519429,,,,1,2019-03-07 22:12:46
IT,10137,45.07,62.11.179.159,Piedmont,7.69,2020-11-23 18:35:21,11519429,Italy,Turin,+01:00,8,2021-01-26 16:42:24
,,,62.11.179.16,,,2019-05-20 21:26:26,11519429,,,,1,2019-05-20 21:26:26
,,,62.11.179.17,,,2018-10-30 07:31:58,11519429,,,,2,2018-10-30 07:54:17
,,,62.11.179.183,,,2019-08-06 22:00:59,11519429,,,,1,2019-08-06 22:00:59
,,,62.11.179.209,,,2018-09-16 21:53:51,11519429,,,,1,2018-09-16 21:53:51
,,,62.11.179.238,,,2019-06-03 21:25:12,11519429,,,,2,2019-06-05 18:44:32
,,,62.11.179.247,,,2019-04-04 21:18:18,11519429,,,,1,2019-04-04 21:18:18
,,,62.11.179.30,,,2018-12-17 23:23:13,11519429,,,,2,2018-12-17 23:24:38
,,,62.11.179.95,,,2018-05-15 21:21:23,11519429,,,,1,2018-05-15 21:21:23
,,,62.11.180.128,,,2018-10-07 21:27:35,11519429,,,,3,2018-10-11 22:02:03
,,,62.11.180.240,,,2018-09-23 21:48:05,11519429,,,,3,2018-09-27 21:49:42
,,,62.11.180.29,,,2018-04-24 06:09:11,11519429,,,,1,2018-04-24 06:09:11
IT,10126,45.07,62.11.180.45,Piedmont,7.69,2019-09-15 21:41:44,11519429,Italy,Turin,+02:00,7,2019-09-22 19:49:59
,,,62.11.181.129,,,2020-05-27 21:44:30,11519429,,,,2,2020-05-28 21:47:27
,,,62.11.181.221,,,2019-09-29 20:16:50,11519429,,,,4,2019-10-02 21:09:22
IT,10141,45.07,62.11.182.197,Piedmont,7.69,2020-02-07 11:06:48,11519429,Italy,Turin,+01:00,6,2020-03-03 22:03:34
IT,10143,45.07,62.11.182.50,Piedmont,7.69,2019-09-08 19:33:13,11519429,Italy,Turin,+02:00,6,2019-09-09 21:55:09
,,,62.11.183.56,,,2019-07-15 22:04:41,11519429,,,,1,2019-07-15 22:04:41
,,,62.11.183.74,,,2019-11-21 23:31:46,11519429,,,,1,2019-11-21 23:31:46
,,,62.11.183.98,,,2019-03-19 21:44:39,11519429,,,,2,2019-03-21 23:16:11
,,,62.11.72.169,,,2022-05-05 14:54:18,11519429,,,,3,2022-05-20 12:12:44
,,,62.11.72.190,,,2018-04-09 20:49:34,11519429,,,,4,2018-04-19 22:12:27
,,,62.11.72.39,,,2018-11-05 22:30:48,11519429,,,,2,2018-11-08 22:47:45
,,,62.11.73.116,,,2020-11-17 06:27:37,11519429,,,,2,2020-11-17 06:30:31
,,,62.11.73.199,,,2019-02-18 19:26:13,11519429,,,,1,2019-02-18 19:26:13
,,,62.11.73.216,,,2018-11-25 23:01:06,11519429,,,,1,2018-11-25 23:01:06
,,,62.11.73.217,,,2019-06-11 21:34:55,11519429,,,,1,2019-06-11 21:34:55
,,,62.11.74.128,,,2019-05-16 21:01:57,11519429,,,,1,2019-05-16 21:01:57
IT,10138,45.07,62.11.74.196,Piedmont,7.69,2021-11-17 21:16:32,11519429,Italy,Turin,+02:00,5,2021-12-12 21:42:27
,,,62.11.74.82,,,2022-11-25 22:07:23,11519429,,,,4,2022-11-25 22:40:14
,,,62.11.75.71,,,2018-07-08 21:47:41,11519429,,,,1,2018-07-08 21:47:41
,,,62.11.77.172,,,2023-02-09 18:38:05,11519429,,,,3,2023-02-17 19:21:08
,,,62.11.77.77,,,2019-10-10 21:17:47,11519429,,,,4,2019-10-16 20:27:21
,,,62.11.78.143,,,2018-11-19 21:23:16,11519429,,,,3,2018-11-21 22:11:51
,,,62.11.78.179,,,2019-07-08 07:43:13,11519429,,,,1,2019-07-08 07:43:13
IT,10147,45.07,62.11.78.189,Piedmont,7.69,2023-05-17 15:51:36,11519429,Italy,Turin,+02:00,10,2023-06-20 15:18:51
,,,62.11.78.229,,,2022-06-20 12:33:56,11519429,,,,4,2022-06-28 20:01:51
,,,62.11.79.103,,,2022-07-03 20:57:31,11519429,,,,2,2022-07-06 18:30:29
IT,10144,45.07,62.11.79.221,Piedmont,7.69,2020-06-10 21:22:02,11519429,Italy,Turin,+02:00,12,2020-07-27 12:14:08
,,,62.211.152.112,,,2018-05-20 19:13:17,11519429,,,,2,2018-05-20 19:31:52
,,,79.16.216.216,,,2018-05-05 12:16:20,11519429,,,,2,2018-05-05 22:00:07
,,,79.16.86.248,,,2025-02-02 14:00:46,11519429,,,,1,2025-02-02 14:00:46
,,,79.17.170.242,,,2020-04-21 10:55:16,11519429,,,,1,2020-04-21 10:55:16
,,,79.17.172.171,,,2020-02-23 21:59:59,11519429,,,,1,2020-02-23 21:59:59
,,,79.17.212.49,,,2020-01-19 12:27:18,11519429,,,,1,2020-01-19 12:27:18
,,,79.17.214.43,,,2022-01-29 18:35:19,11519429,,,,3,2022-01-29 18:36:00
,,,79.21.216.24,,,2020-11-07 08:07:42,11519429,,,,2,2020-11-07 08:08:20
IT,10138,45.07,79.21.221.30,Piemonte,7.69,2020-05-06 22:14:33,11519429,Italy,Torino,+02:00,5,2020-05-11 21:58:09
,,,79.24.206.108,,,2020-03-13 19:35:21,11519429,,,,1,2020-03-13 19:35:21
,,,79.24.219.30,,,2020-04-26 11:58:04,11519429,,,,1,2020-04-26 11:58:04
,,,79.25.213.145,,,2018-10-31 20:17:47,11519429,,,,1,2018-10-31 20:17:47
,,,79.25.216.50,,,2020-05-20 22:08:34,11519429,,,,1,2020-05-20 22:08:34
,,,79.30.221.172,,,2020-11-08 21:23:33,11519429,,,,1,2020-11-08 21:23:33
,,,79.31.18.2,,,2020-08-15 21:11:09,11519429,,,,1,2020-08-15 21:11:09
,,,79.31.74.100,,,2020-03-22 13:24:00,11519429,,,,1,2020-03-22 13:24:00
,,,79.40.160.137,,,2018-10-28 12:55:48,11519429,,,,1,2018-10-28 12:55:48
,,,79.40.211.89,,,2021-08-16 11:36:41,11519429,,,,2,2021-08-16 11:37:03
,,,79.40.36.64,,,2022-12-17 13:00:13,11519429,,,,1,2022-12-17 13:00:13
,,,79.40.48.46,,,2019-02-17 19:35:49,11519429,,,,2,2019-02-17 19:37:06
,,,79.41.182.163,,,2018-12-02 12:48:54,11519429,,,,1,2018-12-02 12:48:54
,,,79.41.183.42,,,2018-07-27 19:53:56,11519429,,,,1,2018-07-27 19:53:56
,,,79.44.224.153,,,2020-05-03 11:33:11,11519429,,,,1,2020-05-03 11:33:11
,,,79.45.170.214,,,2020-05-22 21:57:05,11519429,,,,2,2020-05-22 21:57:54
,,,79.50.200.141,,,2020-03-24 21:59:38,11519429,,,,1,2020-03-24 21:59:38
,,,79.50.202.111,,,2020-05-18 21:20:43,11519429,,,,1,2020-05-18 21:20:43
,,,79.50.210.226,,,2018-12-24 08:12:26,11519429,,,,2,2018-12-24 15:24:02
IT,10155,45.07,79.53.217.135,Piedmont,7.69,2018-12-30 10:11:13,11519429,Italy,Turin,+01:00,6,2019-01-01 22:11:59
IT,10126,45.07,79.54.168.192,Piedmont,7.69,2019-03-09 12:20:45,11519429,Italy,Turin,+01:00,15,2019-03-31 18:56:58
,,,79.54.225.220,,,2020-06-05 22:05:55,11519429,,,,1,2020-06-05 22:05:55
,,,79.54.225.66,,,2020-10-31 22:48:37,11519429,,,,2,2020-10-31 23:00:02
,,,79.54.27.22,,,2018-09-09 11:48:20,11519429,,,,3,2019-05-05 19:02:44
,,,79.54.34.175,,,2019-11-24 13:03:08,11519429,,,,1,2019-11-24 13:03:08
,,,79.54.90.92,,,2020-04-24 07:44:49,11519429,,,,2,2020-04-24 14:47:57
,,,80.116.96.145,,,2018-04-21 22:28:39,11519429,,,,2,2018-04-22 19:07:59
,,,80.117.80.168,,,2019-06-29 12:29:55,11519429,,,,1,2019-06-29 12:29:55
,,,80.117.80.217,,,2018-09-21 21:40:48,11519429,,,,1,2018-09-21 21:40:48
,,,80.180.103.2,,,2018-01-02 23:07:57,11519429,,,,1,2018-01-02 23:07:57
,,,80.180.107.168,,,2025-11-16 14:13:50,11519429,,,,1,2025-11-16 14:13:50
,,,80.183.45.20,,,2018-04-29 10:26:10,11519429,,,,1,2018-04-29 10:26:10
,,,82.48.79.244,,,2024-04-25 12:03:14,11519429,,,,2,2024-04-26 11:42:19
,,,82.50.138.142,,,2018-06-02 12:21:37,11519429,,,,1,2018-06-02 12:21:37
,,,82.50.84.62,,,2026-01-17 13:54:36,11519429,,,,1,2026-01-17 13:54:36
,,,82.52.158.99,,,2024-08-12 21:07:00,11519429,,,,3,2024-08-15 21:18:23
,,,82.52.77.205,,,2025-01-11 13:30:41,11519429,,,,1,2025-01-11 13:30:41
,,,82.54.200.4,,,2020-09-05 11:38:24,11519429,,,,1,2020-09-05 11:38:24
,,,82.54.205.162,,,2020-05-16 20:21:08,11519429,,,,1,2020-05-16 20:21:08
,,,82.54.35.93,,,2018-08-18 10:23:56,11519429,,,,1,2018-08-18 10:23:56
,,,82.54.53.107,,,2019-11-01 12:27:26,11519429,,,,2,2019-11-03 18:54:45
,,,82.54.78.206,,,2022-09-24 12:31:32,11519429,,,,3,2022-09-24 12:39:16
,,,82.61.35.43,,,2023-03-04 12:41:26,11519429,,,,2,2023-03-04 12:42:29
,,,82.63.58.222,,,2022-12-04 12:39:38,11519429,,,,1,2022-12-04 12:39:38
,,,87.0.211.130,,,2018-07-07 11:56:35,11519429,,,,1,2018-07-07 11:56:35
,,,87.0.216.27,,,2019-09-08 16:26:23,11519429,,,,1,2019-09-08 16:26:23
,,,87.13.100.198,,,2018-11-10 13:00:17,11519429,,,,2,2018-11-10 13:00:59
,,,87.13.120.95,,,2018-10-07 18:21:04,11519429,,,,1,2018-10-07 18:21:04
,,,87.13.126.176,,,2023-01-03 17:26:10,11519429,,,,4,2023-01-06 13:46:26
,,,87.14.169.198,,,2017-03-23 22:40:36,11519429,,,,1,2017-03-23 22:40:36
,,,87.14.169.24,,,2017-03-05 19:04:28,11519429,,,,3,2017-03-05 20:51:14
IT,10138,45.07,87.14.170.26,Piemonte,7.69,2017-05-11 11:45:14,11519429,Italy,Torino,+02:00,10,2017-05-15 21:47:08
,,,87.14.170.67,,,2017-03-25 13:08:09,11519429,,,,4,2017-03-26 20:00:57
IT,10147,45.07,87.14.196.2,Piedmont,7.69,2020-01-06 22:25:25,11519429,Italy,Turin,+01:00,7,2020-01-09 21:04:14
,,,87.15.155.32,,,2024-12-29 13:19:16,11519429,,,,1,2024-12-29 13:19:16
,,,87.15.221.222,,,2020-05-25 06:10:00,11519429,,,,1,2020-05-25 06:10:00
,,,87.15.27.197,,,2025-12-24 22:03:41,11519429,,,,2,2025-12-29 19:59:10
,,,87.2.212.15,,,2017-05-25 20:29:37,11519429,,,,1,2017-05-25 20:29:37
,,,87.2.212.165,,,2018-01-07 21:36:56,11519429,,,,1,2018-01-07 21:36:56
,,,87.2.212.169,,,2018-02-18 14:33:46,11519429,,,,1,2018-02-18 14:33:46
,,,87.2.225.103,,,2020-03-10 21:12:14,11519429,,,,1,2020-03-10 21:12:14
,,,87.2.225.93,,,2019-09-29 17:28:27,11519429,,,,3,2019-10-06 12:32:24
,,,87.2.239.205,,,2018-04-29 20:38:47,11519429,,,,1,2018-04-29 20:38:47
,,,87.4.221.100,,,2017-07-16 11:56:15,11519429,,,,1,2017-07-16 11:56:15
,,,87.4.221.106,,,2017-06-02 10:18:53,11519429,,,,1,2017-06-02 10:18:53
,,,87.4.221.119,,,2017-04-14 11:33:59,11519429,,,,2,2017-04-16 15:59:36
,,,87.4.221.168,,,2017-05-20 12:08:32,11519429,,,,2,2017-05-23 16:05:19
,,,87.4.221.61,,,2017-09-17 21:04:30,11519429,,,,1,2017-09-17 21:04:30
,,,87.4.222.11,,,2017-08-02 23:07:18,11519429,,,,1,2017-08-02 23:07:18
,,,87.4.222.129,,,2017-06-05 20:31:36,11519429,,,,1,2017-06-05 20:31:36
,,,87.4.222.166,,,2017-09-10 12:40:47,11519429,,,,1,2017-09-10 12:40:47
,,,87.4.222.37,,,2017-06-04 20:49:41,11519429,,,,1,2017-06-04 20:49:41
,,,87.4.222.67,,,2018-01-13 11:10:54,11519429,,,,2,2018-01-13 11:41:45
,,,87.4.223.138,,,2017-04-08 11:59:49,11519429,,,,3,2017-04-09 20:54:24
,,,87.4.223.51,,,2017-06-22 20:24:40,11519429,,,,2,2017-06-25 11:56:57
,,,87.4.223.59,,,2018-02-26 09:38:40,11519429,,,,2,2018-02-26 17:10:56
,,,87.4.223.83,,,2017-02-23 21:49:38,11519429,,,,1,2017-02-23 21:49:38
,,,87.4.227.55,,,2019-01-16 21:16:15,11519429,,,,4,2019-01-17 13:33:34
,,,87.5.168.179,,,2020-04-17 21:53:16,11519429,,,,1,2020-04-17 21:53:16
,,,87.5.170.160,,,2023-12-31 14:32:00,11519429,,,,1,2023-12-31 14:32:00
,,,87.5.216.114,,,2018-02-07 20:19:10,11519429,,,,2,2018-02-08 21:55:47
,,,87.5.216.174,,,2017-09-24 12:01:28,11519429,,,,1,2017-09-24 12:01:28
,,,87.5.216.177,,,2017-11-15 13:20:12,11519429,,,,2,2017-11-16 21:15:07
,,,87.5.216.57,,,2017-05-18 12:15:30,11519429,,,,1,2017-05-18 12:15:30
,,,87.5.217.174,,,2017-08-13 20:42:27,11519429,,,,1,2017-08-13 20:42:27
,,,87.5.217.185,,,2017-05-09 11:37:41,11519429,,,,3,2017-05-10 12:58:18
,,,87.5.218.21,,,2017-07-02 17:04:53,11519429,,,,3,2017-07-03 20:40:43
,,,87.5.218.55,,,2017-03-27 20:34:25,11519429,,,,1,2017-03-27 20:34:25
,,,87.5.218.60,,,2017-11-13 21:07:31,11519429,,,,4,2017-11-14 13:10:48
,,,87.5.218.61,,,2017-04-18 18:06:17,11519429,,,,1,2017-04-18 18:06:17
,,,87.5.219.125,,,2018-02-26 21:17:21,11519429,,,,3,2018-03-03 14:19:37
IT,10138,45.07,87.5.219.183,Piemonte,7.69,2017-02-26 19:57:02,11519429,Italy,Torino,+01:00,6,2017-02-27 21:34:22
,,,87.5.219.191,,,2017-11-19 20:42:46,11519429,,,,1,2017-11-19 20:42:46
,,,87.5.220.110,,,2017-12-31 08:23:52,11519429,,,,1,2017-12-31 08:23:52
,,,87.5.220.161,,,2017-08-20 22:03:37,11519429,,,,1,2017-08-20 22:03:37
,,,87.5.220.170,,,2017-06-18 11:15:54,11519429,,,,1,2017-06-18 11:15:54
,,,87.5.220.245,,,2017-03-12 19:55:13,11519429,,,,2,2017-03-12 21:15:40
,,,87.5.220.64,,,2017-03-19 20:45:31,11519429,,,,3,2017-03-19 22:24:39
,,,87.8.168.175,,,2020-03-27 12:29:18,11519429,,,,2,2020-04-02 11:19:32
,,,87.8.168.177,,,2020-04-17 11:17:54,11519429,,,,1,2020-04-17 11:17:54
,,,87.8.172.127,,,2019-02-02 12:03:24,11519429,,,,1,2019-02-02 12:03:24
,,,87.8.201.62,,,2020-02-28 12:46:45,11519429,,,,2,2020-02-28 12:47:28
,,,87.8.212.91,,,2020-05-17 22:06:23,11519429,,,,1,2020-05-17 22:06:23
,,,87.8.218.105,,,2019-06-16 18:34:31,11519429,,,,3,2019-06-22 21:58:34
,,,87.9.170.31,,,2022-08-17 13:22:51,11519429,,,,4,2022-08-24 17:37:19
IT,12030,44.65,87.9.214.214,Piemonte,7.49,2020-11-14 13:08:52,11519429,Italy,Saluzzo,+02:00,9,2020-11-22 22:00:20
,,,87.9.221.112,,,2017-11-12 19:59:40,11519429,,,,2,2017-11-12 20:03:52
,,,87.9.221.121,,,2018-01-21 20:12:11,11519429,,,,1,2018-01-21 20:12:11
,,,87.9.221.132,,,2018-02-04 14:34:41,11519429,,,,1,2018-02-04 14:34:41
,,,87.9.221.15,,,2017-06-09 10:41:48,11519429,,,,2,2017-06-10 12:08:53
,,,87.9.221.157,,,2017-12-24 00:23:45,11519429,,,,2,2017-12-24 00:28:11
,,,87.9.221.234,,,2017-03-31 21:49:19,11519429,,,,3,2017-04-02 17:59:48
,,,87.9.221.254,,,2017-03-14 12:13:34,11519429,,,,2,2017-03-14 12:13:50
,,,87.9.222.154,,,2018-01-28 14:40:50,11519429,,,,1,2018-01-28 14:40:50
,,,87.9.226.139,,,2017-03-07 21:01:21,11519429,,,,1,2017-03-07 21:01:21
,,,87.9.226.60,,,2017-03-06 20:53:27,11519429,,,,1,2017-03-06 20:53:27
,,,91.252.1.3,,,2019-06-05 17:29:34,11519429,,,,2,2019-06-05 17:32:39
,,,91.252.100.150,,,2019-01-12 12:48:19,11519429,,,,1,2019-01-12 12:48:19
,,,91.252.111.237,,,2017-04-04 19:44:53,11519429,,,,1,2017-04-04 19:44:53
,,,91.252.137.62,,,2018-08-17 15:24:04,11519429,,,,1,2018-08-17 15:24:04
,,,91.252.139.99,,,2020-01-19 12:27:56,11519429,,,,2,2020-01-19 12:30:44
,,,91.252.156.230,,,2017-02-22 18:14:43,11519429,,,,1,2017-02-22 18:14:43
,,,91.252.167.176,,,2017-11-19 13:19:46,11519429,,,,1,2017-11-19 13:19:46
,,,91.252.171.38,,,2017-02-22 19:09:06,11519429,,,,3,2017-02-22 19:23:21
,,,91.252.180.76,,,2018-12-26 23:19:53,11519429,,,,1,2018-12-26 23:19:53
,,,91.252.185.217,,,2017-11-05 17:47:05,11519429,,,,1,2017-11-05 17:47:05
,,,91.252.203.146,,,2018-01-07 16:28:59,11519429,,,,1,2018-01-07 16:28:59
,,,91.252.236.191,,,2017-03-23 19:01:08,11519429,,,,2,2017-03-23 19:02:46
,,,91.252.248.230,,,2017-02-22 18:27:02,11519429,,,,1,2017-02-22 18:27:02
,,,91.252.249.223,,,2017-03-31 06:54:51,11519429,,,,1,2017-03-31 06:54:51
,,,91.252.32.27,,,2018-01-07 21:35:16,11519429,,,,1,2018-01-07 21:35:16
,,,91.252.36.117,,,2019-09-07 22:21:39,11519429,,,,1,2019-09-07 22:21:39
,,,91.252.9.98,,,2019-12-22 12:49:57,11519429,,,,2,2019-12-22 12:52:12
,,,91.253.107.216,,,2017-05-30 06:22:18,11519429,,,,1,2017-05-30 06:22:18
,,,91.253.112.64,,,2019-03-15 20:57:34,11519429,,,,1,2019-03-15 20:57:34
,,,91.253.135.140,,,2018-10-06 18:00:19,11519429,,,,2,2018-10-06 18:00:42
,,,91.253.151.1,,,2019-03-23 21:43:47,11519429,,,,1,2019-03-23 21:43:47
,,,91.253.157.237,,,2017-03-18 21:11:00,11519429,,,,2,2017-03-18 21:13:04
,,,91.253.166.244,,,2018-03-08 14:38:54,11519429,,,,2,2018-03-08 15:23:11
,,,91.253.185.111,,,2019-07-30 17:09:35,11519429,,,,2,2019-07-30 17:09:51
,,,91.253.193.194,,,2019-01-19 18:39:05,11519429,,,,1,2019-01-19 18:39:05
,,,91.253.195.6,,,2018-03-17 17:43:50,11519429,,,,1,2018-03-17 17:43:50
,,,91.253.21.80,,,2018-03-10 12:43:29,11519429,,,,1,2018-03-10 12:43:29
,,,91.253.217.47,,,2018-03-20 21:57:49,11519429,,,,1,2018-03-20 21:57:49
,,,91.253.224.79,,,2018-12-30 20:00:39,11519429,,,,1,2018-12-30 20:00:39
,,,91.253.29.37,,,2018-10-18 17:23:13,11519429,,,,2,2018-10-18 17:28:48
,,,91.253.4.137,,,2019-03-24 19:47:11,11519429,,,,2,2019-03-24 19:49:55
,,,91.253.42.139,,,2017-03-09 11:43:33,11519429,,,,1,2017-03-09 11:43:33
,,,91.253.46.188,,,2019-07-13 17:37:23,11519429,,,,2,2019-07-13 17:41:36
,,,91.253.69.246,,,2017-05-19 09:52:16,11519429,,,,1,2017-05-19 09:52:16
,,,91.253.72.229,,,2018-04-20 11:41:01,11519429,,,,1,2018-04-20 11:41:01
,,,91.253.94.6,,,2017-11-18 17:50:44,11519429,,,,1,2017-11-18 17:50:44
,,,91.253.97.82,,,2018-05-30 15:44:23,11519429,,,,3,2018-05-30 15:45:10
IT,10153,45.09,93.62.170.194,Piedmont,7.66,2021-01-27 10:29:52,11519429,Italy,Turin,+01:00,6,2021-06-25 07:34:54
,,,94.163.243.56,,,2017-02-25 18:05:55,11519429,,,,1,2017-02-25 18:05:55
,,,94.248.122.33,,,2017-05-06 11:09:16,11519429,,,,1,2017-05-06 11:09:16
,,,94.34.176.116,,,2021-03-11 14:57:55,11519429,,,,2,2021-03-23 22:04:27
,,,94.34.176.197,,,2020-09-09 18:10:49,11519429,,,,1,2020-09-09 18:10:49
,,,94.34.177.90,,,2021-02-02 21:19:17,11519429,,,,3,2021-02-02 21:58:19
,,,94.34.178.69,,,2020-11-18 16:10:32,11519429,,,,2,2020-11-18 22:34:56
,,,94.34.179.204,,,2022-02-22 06:39:05,11519429,,,,2,2022-03-14 22:41:54
,,,94.34.204.137,,,2019-05-28 20:20:07,11519429,,,,1,2019-05-28 20:20:07
,,,94.34.204.218,,,2019-01-20 22:36:57,11519429,,,,4,2019-01-24 18:13:23
,,,94.34.204.24,,,2021-08-24 16:43:38,11519429,,,,3,2021-08-26 19:47:30
,,,94.34.204.248,,,2019-10-20 21:28:03,11519429,,,,2,2019-10-21 19:45:05
,,,94.34.205.180,,,2021-04-22 21:18:02,11519429,,,,2,2021-04-22 21:18:18
,,,94.34.206.250,,,2023-07-17 18:18:28,11519429,,,,1,2023-07-17 18:18:28
,,,94.34.206.98,,,2023-04-26 14:42:06,11519429,,,,1,2023-04-26 14:42:06
,,,94.34.207.154,,,2023-07-07 22:04:36,11519429,,,,1,2023-07-07 22:04:36
,,,94.34.209.134,,,2023-01-17 21:08:44,11519429,,,,1,2023-01-17 21:08:44
,,,94.34.229.226,,,2023-03-26 21:12:36,11519429,,,,4,2023-04-06 14:36:22
,,,94.34.230.227,,,2022-12-20 12:55:10,11519429,,,,2,2022-12-21 13:27:06
,,,94.34.232.232,,,2022-04-10 21:11:22,11519429,,,,4,2022-04-23 10:18:13
IT,10100,45.09,94.34.233.187,Piedmont,7.66,2022-09-01 20:19:36,11519429,Italy,Turin,+02:00,12,2022-11-03 22:48:10
IT,10124,45.09,94.34.236.53,Piedmont,7.66,2022-08-01 18:21:33,11519429,Italy,Turin,+02:00,7,2022-08-03 12:18:14
,,,95.166.159.222,,,2023-12-08 20:24:34,11519429,,,,1,2023-12-08 20:24:34
,,,95.232.226.76,,,2020-01-12 19:48:18,11519429,,,,1,2020-01-12 19:48:18
,,,95.236.155.31,,,2025-04-06 10:13:05,11519429,,,,2,2025-04-06 11:34:30
IT,10137,45.07,95.236.200.210,Piedmont,7.69,2019-01-13 20:44:18,11519429,Italy,Turin,+01:00,5,2019-01-15 19:09:01
,,,95.237.228.154,,,2019-01-11 10:23:06,11519429,,,,1,2019-01-11 10:23:06
,,,95.244.208.159,,,2019-01-03 00:08:13,11519429,,,,1,2019-01-03 00:08:13
,,,95.248.33.162,,,2026-03-14 12:46:21,11519429,,,,1,2026-03-14 12:46:21
,,,95.250.127.211,,,2024-06-22 11:41:36,11519429,,,,4,2024-07-13 12:55:05
,,,95.251.143.121,,,2023-11-12 13:26:17,11519429,,,,1,2023-11-12 13:26:17
