user_id,episode_id,cpt,created_at,updated_at,tv_show_name,episode_season_number,episode_number
11519429,110413,1,2023-09-24 21:20:17,2023-09-24 21:20:17,The Office (US),1,1
11519429,110414,1,2023-09-24 21:20:17,2023-09-24 21:20:17,The Office (US),1,2
11519429,110415,1,2023-09-24 21:20:17,2023-09-24 21:20:17,The Office (US),1,3
11519429,110416,1,2023-09-24 21:20:17,2023-09-24 21:20:17,The Office (US),1,4
11519429,110417,1,2023-09-24 21:20:17,2023-09-24 21:20:17,The Office (US),1,5
11519429,110418,1,2023-09-24 21:20:17,2023-09-24 21:20:17,The Office (US),1,6
11519429,306092,1,2023-09-24 21:20:12,2023-09-24 21:20:12,The Office (US),2,1
11519429,306093,1,2023-09-24 21:20:12,2023-09-24 21:20:12,The Office (US),2,2
11519429,306094,1,2023-09-24 21:20:12,2023-09-24 21:20:12,The Office (US),2,3
11519429,306095,1,2023-09-24 21:20:12,2023-09-24 21:20:12,The Office (US),2,4
11519429,306096,1,2023-09-24 21:20:12,2023-09-24 21:20:12,The Office (US),2,5
11519429,306097,1,2023-09-24 21:20:12,2023-09-24 21:20:12,The Office (US),2,6
11519429,306098,1,2023-09-24 21:20:12,2023-09-24 21:20:12,The Office (US),2,7
11519429,306099,1,2023-09-24 21:20:12,2023-09-24 21:20:12,The Office (US),2,8
11519429,306100,1,2023-09-24 21:20:12,2023-09-24 21:20:12,The Office (US),2,9
11519429,306101,1,2023-09-24 21:20:12,2023-09-24 21:20:12,The Office (US),2,10
11519429,306102,1,2023-09-24 21:20:12,2023-09-24 21:20:12,The Office (US),2,11
11519429,306103,1,2023-09-24 21:20:12,2023-09-24 21:20:12,The Office (US),2,12
11519429,306104,1,2023-09-24 21:20:12,2023-09-24 21:20:12,The Office (US),2,13
11519429,306105,1,2023-09-24 21:20:12,2023-09-24 21:20:12,The Office (US),2,14
11519429,306106,1,2023-09-24 21:20:12,2023-09-24 21:20:12,The Office (US),2,15
11519429,306107,1,2023-09-24 21:20:12,2023-09-24 21:20:12,The Office (US),2,16
11519429,306108,1,2023-09-24 21:20:12,2023-09-24 21:20:12,The Office (US),2,17
11519429,306109,1,2023-09-24 21:20:12,2023-09-24 21:20:12,The Office (US),2,18
11519429,306110,1,2023-09-24 21:20:12,2023-09-24 21:20:12,The Office (US),2,19
11519429,306111,1,2023-09-24 21:20:12,2023-09-24 21:20:12,The Office (US),2,21
11519429,306112,1,2023-09-24 21:20:12,2023-09-24 21:20:12,The Office (US),2,20
11519429,306289,1,2023-09-24 21:20:12,2023-09-24 21:20:12,The Office (US),2,22
11519429,660901,1,2021-03-02 22:00:49,2021-03-02 22:00:49,Cougar Town,1,1
11519429,660911,1,2020-08-15 21:11:51,2020-08-15 21:11:51,Modern Family,1,1
11519429,1084121,1,2021-03-02 22:00:47,2021-03-02 22:00:47,Cougar Town,1,2
11519429,1084131,1,2021-03-02 22:00:46,2021-03-02 22:00:46,Cougar Town,1,3
11519429,1084141,1,2021-03-02 22:00:44,2021-03-02 22:00:44,Cougar Town,1,4
11519429,1084191,1,2020-08-15 21:11:51,2020-08-15 21:11:51,Modern Family,1,2
11519429,1084201,1,2020-08-15 21:11:51,2020-08-15 21:11:51,Modern Family,1,3
11519429,1084211,1,2020-08-15 21:11:51,2020-08-15 21:11:51,Modern Family,1,4
11519429,1084221,1,2020-08-15 21:11:51,2020-08-15 21:11:51,Modern Family,1,5
11519429,1155511,1,2021-03-02 22:00:43,2021-03-02 22:00:43,Cougar Town,1,5
11519429,1199791,1,2020-08-15 21:11:51,2020-08-15 21:11:51,Modern Family,1,6
11519429,1268461,1,2020-08-15 21:11:51,2020-08-15 21:11:51,Modern Family,1,7
11519429,1302231,1,2020-08-15 21:11:51,2020-08-15 21:11:51,Modern Family,1,8
11519429,1302241,1,2020-08-15 21:11:51,2020-08-15 21:11:51,Modern Family,1,9
11519429,1333741,1,2020-08-15 21:11:51,2020-08-15 21:11:51,Modern Family,1,10
11519429,1333751,1,2020-08-15 21:11:51,2020-08-15 21:11:51,Modern Family,1,11
11519429,1483471,1,2020-08-15 21:11:51,2020-08-15 21:11:51,Modern Family,1,12
11519429,1559011,1,2020-08-15 21:11:51,2020-08-15 21:11:51,Modern Family,1,13
11519429,1559121,1,2020-08-15 21:11:51,2020-08-15 21:11:51,Modern Family,1,14
11519429,1635111,1,2020-08-15 21:11:51,2020-08-15 21:11:51,Modern Family,1,15
11519429,1762251,1,2020-08-15 21:11:51,2020-08-15 21:11:51,Modern Family,1,16
11519429,1793921,1,2020-08-15 21:11:51,2020-08-15 21:11:51,Modern Family,1,17
11519429,1846441,1,2020-08-15 21:11:51,2020-08-15 21:11:51,Modern Family,1,18
11519429,1846451,1,2020-08-15 21:11:51,2020-08-15 21:11:51,Modern Family,1,19
11519429,1911511,1,2020-08-15 21:11:51,2020-08-15 21:11:51,Modern Family,1,20
11519429,2106491,1,2020-08-15 21:11:51,2020-08-15 21:11:51,Modern Family,1,21
11519429,2106501,1,2020-08-15 21:11:51,2020-08-15 21:11:51,Modern Family,1,22
11519429,2106511,1,2020-08-15 21:11:51,2020-08-15 21:11:51,Modern Family,1,23
11519429,2106521,1,2020-08-15 21:11:51,2020-08-15 21:11:51,Modern Family,1,24
11519429,2452161,1,2020-08-15 21:11:40,2020-08-15 21:11:40,Modern Family,2,1
11519429,2832631,1,2020-08-15 21:11:40,2020-08-15 21:11:40,Modern Family,2,2
11519429,2888511,1,2020-08-15 21:11:40,2020-08-15 21:11:40,Modern Family,2,3
11519429,2888521,1,2020-08-15 21:11:40,2020-08-15 21:11:40,Modern Family,2,4
11519429,2922681,1,2022-12-20 12:55:30,2022-12-20 12:55:30,Happy Endings,1,1
11519429,2922691,1,2022-12-20 12:55:30,2022-12-20 12:55:30,Happy Endings,1,2
11519429,2922701,1,2022-12-20 12:55:30,2022-12-20 12:55:30,Happy Endings,1,3
11519429,2922711,1,2022-12-20 12:55:30,2022-12-20 12:55:30,Happy Endings,1,4
11519429,2922721,1,2022-12-20 12:55:30,2022-12-20 12:55:30,Happy Endings,1,5
11519429,2922931,1,2020-08-15 21:11:40,2020-08-15 21:11:40,Modern Family,2,6
11519429,2923031,1,2020-08-15 21:11:40,2020-08-15 21:11:40,Modern Family,2,5
11519429,2969501,1,2020-08-15 21:11:40,2020-08-15 21:11:40,Modern Family,2,11
11519429,2969511,1,2020-08-15 21:11:40,2020-08-15 21:11:40,Modern Family,2,10
11519429,2969521,1,2020-08-15 21:11:40,2020-08-15 21:11:40,Modern Family,2,7
11519429,3053051,1,2020-08-15 21:11:40,2020-08-15 21:11:40,Modern Family,2,8
11519429,3053061,1,2020-08-15 21:11:40,2020-08-15 21:11:40,Modern Family,2,9
11519429,3161951,1,2020-08-15 21:11:40,2020-08-15 21:11:40,Modern Family,2,13
11519429,3186451,1,2020-08-15 21:11:40,2020-08-15 21:11:40,Modern Family,2,12
11519429,3409591,1,2020-08-15 21:11:40,2020-08-15 21:11:40,Modern Family,2,14
11519429,3609661,1,2020-08-15 21:11:40,2020-08-15 21:11:40,Modern Family,2,15
11519429,3609671,1,2020-08-15 21:11:40,2020-08-15 21:11:40,Modern Family,2,16
11519429,3609681,1,2020-08-15 21:11:40,2020-08-15 21:11:40,Modern Family,2,17
11519429,3852441,1,2020-08-15 21:11:41,2020-08-15 21:11:41,Modern Family,2,18
11519429,3852451,1,2020-08-15 21:11:41,2020-08-15 21:11:41,Modern Family,2,19
11519429,3852461,1,2020-08-15 21:11:41,2020-08-15 21:11:41,Modern Family,2,20
11519429,4078024,1,2022-12-20 12:55:30,2022-12-20 12:55:30,Happy Endings,1,6
11519429,4078025,1,2022-12-20 12:55:30,2022-12-20 12:55:30,Happy Endings,1,7
11519429,4078472,1,2020-08-15 21:11:41,2020-08-15 21:11:41,Modern Family,2,21
11519429,4078473,1,2020-08-15 21:11:41,2020-08-15 21:11:41,Modern Family,2,22
11519429,4078474,1,2020-08-15 21:11:41,2020-08-15 21:11:41,Modern Family,2,23
11519429,4078475,1,2020-08-15 21:11:41,2020-08-15 21:11:41,Modern Family,2,24
11519429,4083930,1,2022-12-20 12:55:30,2022-12-20 12:55:30,Happy Endings,1,12
11519429,4093026,1,2022-12-20 12:55:30,2022-12-20 12:55:30,Happy Endings,1,8
11519429,4093027,1,2022-12-20 12:55:30,2022-12-20 12:55:30,Happy Endings,1,9
11519429,4093028,1,2022-12-20 12:55:30,2022-12-20 12:55:30,Happy Endings,1,10
11519429,4093029,1,2022-12-20 12:55:30,2022-12-20 12:55:30,Happy Endings,1,3
11519429,4099229,2,2021-02-14 21:23:55,2021-03-02 22:02:01,New Girl,1,1
11519429,4122131,1,2022-12-20 12:55:28,2022-12-20 12:55:28,Happy Endings,2,1
11519429,4122276,2,2020-08-15 21:12:02,2020-09-05 11:40:13,Modern Family,3,1
11519429,4135046,1,2022-12-20 12:55:30,2022-12-20 12:55:30,Happy Endings,1,13
11519429,4160111,2,2020-08-15 21:12:01,2020-09-05 11:40:13,Modern Family,3,2
11519429,4160112,2,2020-08-15 21:11:36,2020-09-05 11:40:13,Modern Family,3,3
11519429,4160113,1,2020-09-05 11:40:13,2020-09-05 11:40:13,Modern Family,3,4
11519429,4160114,1,2020-09-05 11:40:13,2020-09-05 11:40:13,Modern Family,3,5
11519429,4160115,1,2020-09-05 11:40:13,2020-09-05 11:40:13,Modern Family,3,6
11519429,4161303,2,2021-02-14 21:23:55,2021-03-02 22:02:01,New Girl,1,2
11519429,4161304,2,2021-02-14 21:23:55,2021-03-02 22:02:01,New Girl,1,3
11519429,4161305,2,2021-02-14 21:23:55,2021-03-02 22:02:01,New Girl,1,4
11519429,4179579,1,2022-12-20 12:55:28,2022-12-20 12:55:28,Happy Endings,2,2
11519429,4180224,2,2021-02-14 21:23:55,2021-03-02 22:02:01,New Girl,1,5
11519429,4183541,1,2022-12-20 12:55:28,2022-12-20 12:55:28,Happy Endings,2,3
11519429,4183543,1,2022-12-20 12:55:28,2022-12-20 12:55:28,Happy Endings,2,4
11519429,4187793,2,2021-02-14 21:23:55,2021-03-02 22:02:01,New Girl,1,6
11519429,4187794,2,2021-02-14 21:23:55,2021-03-02 22:02:01,New Girl,1,7
11519429,4187795,2,2021-02-14 21:23:55,2021-03-02 22:02:01,New Girl,1,8
11519429,4190839,1,2020-09-05 11:40:13,2020-09-05 11:40:13,Modern Family,3,7
11519429,4191342,1,2022-12-20 12:55:28,2022-12-20 12:55:28,Happy Endings,2,5
11519429,4191343,1,2022-12-20 12:55:28,2022-12-20 12:55:28,Happy Endings,2,6
11519429,4193566,1,2020-09-05 11:40:13,2020-09-05 11:40:13,Modern Family,3,8
11519429,4194103,1,2020-09-05 11:40:13,2020-09-05 11:40:13,Modern Family,3,9
11519429,4197896,1,2022-12-20 12:55:28,2022-12-20 12:55:28,Happy Endings,2,7
11519429,4197897,1,2022-12-20 12:55:28,2022-12-20 12:55:28,Happy Endings,2,8
11519429,4199251,2,2021-02-14 21:23:55,2021-03-02 22:02:01,New Girl,1,9
11519429,4199254,2,2021-02-14 21:23:55,2021-03-02 22:02:01,New Girl,1,10
11519429,4204807,1,2022-12-20 12:55:28,2022-12-20 12:55:28,Happy Endings,2,9
11519429,4204808,1,2022-12-20 12:55:28,2022-12-20 12:55:28,Happy Endings,2,10
11519429,4204809,1,2022-12-20 12:55:28,2022-12-20 12:55:28,Happy Endings,2,11
11519429,4204810,1,2022-12-20 12:55:28,2022-12-20 12:55:28,Happy Endings,2,12
11519429,4207557,1,2020-09-05 11:40:13,2020-09-05 11:40:13,Modern Family,3,10
11519429,4218074,1,2020-09-05 11:40:13,2020-09-05 11:40:13,Modern Family,3,11
11519429,4221769,2,2021-02-14 21:23:55,2021-03-02 22:02:01,New Girl,1,12
11519429,4221770,2,2021-02-14 21:23:55,2021-03-02 22:02:01,New Girl,1,11
11519429,4225526,1,2020-09-05 11:40:13,2020-09-05 11:40:13,Modern Family,3,12
11519429,4241477,1,2020-09-05 11:40:13,2020-09-05 11:40:13,Modern Family,3,13
11519429,4241478,1,2020-09-05 11:40:13,2020-09-05 11:40:13,Modern Family,3,14
11519429,4250534,1,2020-09-05 11:40:13,2020-09-05 11:40:13,Modern Family,3,15
11519429,4250577,2,2021-02-14 21:23:55,2021-03-02 22:02:01,New Girl,1,13
11519429,4255376,1,2022-12-20 12:55:28,2022-12-20 12:55:28,Happy Endings,2,13
11519429,4255378,1,2022-12-20 12:55:28,2022-12-20 12:55:28,Happy Endings,2,14
11519429,4256957,1,2020-09-05 11:40:13,2020-09-05 11:40:13,Modern Family,3,16
11519429,4257281,1,2022-12-20 12:55:28,2022-12-20 12:55:28,Happy Endings,2,15
11519429,4258489,2,2021-02-14 21:23:55,2021-03-02 22:02:01,New Girl,1,14
11519429,4258915,1,2022-12-20 12:55:28,2022-12-20 12:55:28,Happy Endings,2,16
11519429,4259359,2,2021-02-14 21:23:55,2021-03-02 22:02:01,New Girl,1,15
11519429,4265454,1,2020-09-05 11:40:13,2020-09-05 11:40:13,Modern Family,3,17
11519429,4265455,1,2020-09-05 11:40:13,2020-09-05 11:40:13,Modern Family,3,18
11519429,4273546,2,2021-02-14 21:23:55,2021-03-02 22:02:01,New Girl,1,16
11519429,4278340,1,2022-12-20 12:55:28,2022-12-20 12:55:28,Happy Endings,2,17
11519429,4278341,1,2022-12-20 12:55:28,2022-12-20 12:55:28,Happy Endings,2,18
11519429,4278342,1,2022-12-20 12:55:28,2022-12-20 12:55:28,Happy Endings,2,19
11519429,4282961,2,2021-02-14 21:23:55,2021-03-02 22:02:01,New Girl,1,17
11519429,4283862,2,2021-02-14 21:23:55,2021-03-02 22:02:01,New Girl,1,18
11519429,4288456,1,2020-09-05 11:40:13,2020-09-05 11:40:13,Modern Family,3,19
11519429,4289811,2,2021-02-14 21:23:55,2021-03-02 22:02:01,New Girl,1,19
11519429,4289812,2,2021-02-14 21:23:55,2021-03-02 22:02:01,New Girl,1,20
11519429,4289813,2,2021-02-14 21:23:55,2021-03-02 22:02:01,New Girl,1,21
11519429,4289814,2,2021-02-14 21:23:55,2021-03-02 22:02:01,New Girl,1,22
11519429,4290489,2,2021-02-14 21:23:55,2021-03-02 22:02:01,New Girl,1,23
11519429,4290490,2,2021-02-14 21:23:55,2021-03-02 22:02:01,New Girl,1,24
11519429,4292475,1,2022-12-20 12:55:28,2022-12-20 12:55:28,Happy Endings,2,20
11519429,4292716,1,2020-09-05 11:40:13,2020-09-05 11:40:13,Modern Family,3,20
11519429,4292717,1,2020-09-05 11:40:13,2020-09-05 11:40:13,Modern Family,3,21
11519429,4292718,1,2020-09-05 11:40:13,2020-09-05 11:40:13,Modern Family,3,22
11519429,4292719,1,2020-09-05 11:40:13,2020-09-05 11:40:13,Modern Family,3,23
11519429,4292720,1,2020-09-05 11:40:13,2020-09-05 11:40:13,Modern Family,3,24
11519429,4293739,1,2022-12-20 12:55:28,2022-12-20 12:55:28,Happy Endings,2,21
11519429,4320190,1,2022-12-20 12:55:26,2022-12-20 12:55:26,Happy Endings,3,10
11519429,4326017,1,2022-12-20 12:55:26,2022-12-20 12:55:26,Happy Endings,3,1
11519429,4341944,1,2020-09-05 11:40:03,2020-09-05 11:40:03,Modern Family,4,1
11519429,4345293,2,2021-03-02 22:01:58,2022-07-27 08:26:35,New Girl,2,1
11519429,4376145,2,2021-03-02 22:01:58,2022-07-27 08:26:35,New Girl,2,2
11519429,4376147,2,2021-03-02 22:01:58,2022-07-27 08:26:35,New Girl,2,3
11519429,4381904,2,2021-03-02 22:01:58,2022-07-27 08:26:35,New Girl,2,4
11519429,4383981,1,2022-12-20 12:55:26,2022-12-20 12:55:26,Happy Endings,3,2
11519429,4397152,1,2022-12-20 12:55:26,2022-12-20 12:55:26,Happy Endings,3,3
11519429,4397153,1,2022-12-20 12:55:26,2022-12-20 12:55:26,Happy Endings,3,4
11519429,4397154,1,2022-12-20 12:55:26,2022-12-20 12:55:26,Happy Endings,3,5
11519429,4401050,1,2020-09-05 11:40:03,2020-09-05 11:40:03,Modern Family,4,2
11519429,4401051,1,2020-09-05 11:40:03,2020-09-05 11:40:03,Modern Family,4,3
11519429,4401052,1,2020-09-05 11:40:03,2020-09-05 11:40:03,Modern Family,4,4
11519429,4401053,1,2020-09-05 11:40:03,2020-09-05 11:40:03,Modern Family,4,5
11519429,4401054,1,2020-09-05 11:40:03,2020-09-05 11:40:03,Modern Family,4,6
11519429,4401587,2,2021-03-02 22:01:58,2022-07-27 08:26:35,New Girl,2,5
11519429,4401588,2,2021-03-02 22:01:58,2022-07-27 08:26:35,New Girl,2,6
11519429,4401589,2,2021-03-02 22:01:58,2022-07-27 08:26:35,New Girl,2,7
11519429,4401778,1,2022-12-20 12:55:26,2022-12-20 12:55:26,Happy Endings,3,6
11519429,4401779,1,2022-12-20 12:55:26,2022-12-20 12:55:26,Happy Endings,3,7
11519429,4410870,1,2020-09-05 11:40:03,2020-09-05 11:40:03,Modern Family,4,7
11519429,4420015,1,2020-09-05 11:40:03,2020-09-05 11:40:03,Modern Family,4,8
11519429,4420016,1,2020-09-05 11:40:03,2020-09-05 11:40:03,Modern Family,4,9
11519429,4420018,2,2021-03-02 22:01:58,2022-07-27 08:26:35,New Girl,2,8
11519429,4429606,1,2020-09-05 11:40:03,2020-09-05 11:40:03,Modern Family,4,10
11519429,4429607,1,2020-09-05 11:40:03,2020-09-05 11:40:03,Modern Family,4,11
11519429,4429608,1,2020-09-05 11:40:03,2020-09-05 11:40:03,Modern Family,4,12
11519429,4433540,2,2021-03-02 22:01:58,2022-07-27 08:26:35,New Girl,2,9
11519429,4433541,2,2021-03-02 22:01:58,2022-07-27 08:26:35,New Girl,2,10
11519429,4433542,2,2021-03-02 22:01:58,2022-07-27 08:26:35,New Girl,2,11
11519429,4437756,1,2022-12-20 12:55:26,2022-12-20 12:55:26,Happy Endings,3,9
11519429,4437757,1,2022-12-20 12:55:26,2022-12-20 12:55:26,Happy Endings,3,8
11519429,4437759,1,2022-12-20 12:55:26,2022-12-20 12:55:26,Happy Endings,3,11
11519429,4437760,1,2022-12-20 12:55:26,2022-12-20 12:55:26,Happy Endings,3,12
11519429,4437761,1,2022-12-20 12:55:26,2022-12-20 12:55:26,Happy Endings,3,13
11519429,4437762,1,2020-09-05 11:40:03,2020-09-05 11:40:03,Modern Family,4,13
11519429,4437763,1,2020-09-05 11:40:03,2020-09-05 11:40:03,Modern Family,4,14
11519429,4437764,2,2021-03-02 22:01:58,2022-07-27 08:26:35,New Girl,2,12
11519429,4437765,2,2021-03-02 22:01:58,2022-07-27 08:26:35,New Girl,2,13
11519429,4444573,2,2021-03-02 22:01:58,2022-07-27 08:26:35,New Girl,2,14
11519429,4444673,1,2022-12-20 12:55:26,2022-12-20 12:55:26,Happy Endings,3,14
11519429,4453920,2,2021-03-02 22:01:58,2022-07-27 08:26:35,New Girl,2,15
11519429,4453934,1,2020-09-05 11:40:03,2020-09-05 11:40:03,Modern Family,4,15
11519429,4458659,1,2022-12-20 12:55:26,2022-12-20 12:55:26,Happy Endings,3,15
11519429,4458660,1,2022-12-20 12:55:26,2022-12-20 12:55:26,Happy Endings,3,16
11519429,4458661,1,2022-12-20 12:55:26,2022-12-20 12:55:26,Happy Endings,3,17
11519429,4458664,1,2020-09-05 11:40:03,2020-09-05 11:40:03,Modern Family,4,16
11519429,4458665,1,2020-09-05 11:40:03,2020-09-05 11:40:03,Modern Family,4,17
11519429,4478023,2,2021-03-02 22:01:58,2022-07-27 08:26:35,New Girl,2,16
11519429,4478024,2,2021-03-02 22:01:58,2022-07-27 08:26:35,New Girl,2,17
11519429,4478025,2,2021-03-02 22:01:58,2022-07-27 08:26:35,New Girl,2,18
11519429,4483728,2,2021-03-02 22:01:58,2022-07-27 08:26:35,New Girl,2,19
11519429,4491068,2,2021-03-02 22:01:58,2022-07-27 08:26:35,New Girl,2,20
11519429,4502146,1,2022-12-20 12:55:26,2022-12-20 12:55:26,Happy Endings,3,18
11519429,4502147,1,2022-12-20 12:55:26,2022-12-20 12:55:26,Happy Endings,3,19
11519429,4502148,1,2022-12-20 12:55:26,2022-12-20 12:55:26,Happy Endings,3,20
11519429,4505886,2,2021-03-02 22:01:58,2022-07-27 08:26:35,New Girl,2,21
11519429,4507302,1,2020-09-05 11:40:03,2020-09-05 11:40:03,Modern Family,4,18
11519429,4507303,1,2020-09-05 11:40:03,2020-09-05 11:40:03,Modern Family,4,19
11519429,4507304,1,2020-09-05 11:40:03,2020-09-05 11:40:03,Modern Family,4,20
11519429,4507305,2,2020-09-05 11:39:56,2020-09-05 11:40:03,Modern Family,4,21
11519429,4507306,2,2020-09-05 11:39:54,2020-09-05 11:40:03,Modern Family,4,22
11519429,4509939,2,2021-03-02 22:01:58,2022-07-27 08:26:35,New Girl,2,22
11519429,4513839,2,2021-03-02 22:01:58,2022-07-27 08:26:35,New Girl,2,23
11519429,4513840,2,2021-03-02 22:01:58,2022-07-27 08:26:35,New Girl,2,24
11519429,4517757,1,2022-12-20 12:55:26,2022-12-20 12:55:26,Happy Endings,3,21
11519429,4517759,1,2022-12-20 12:55:26,2022-12-20 12:55:26,Happy Endings,3,22
11519429,4517763,2,2021-03-02 22:01:58,2022-07-27 08:26:35,New Girl,2,25
11519429,4525367,1,2020-09-05 11:40:03,2020-09-05 11:40:03,Modern Family,4,23
11519429,4525368,1,2020-09-05 11:40:03,2020-09-05 11:40:03,Modern Family,4,24
11519429,4535595,1,2022-12-20 12:55:26,2022-12-20 12:55:26,Happy Endings,3,23
11519429,4568065,2,2020-11-25 17:32:10,2020-12-06 21:26:34,Brooklyn Nine-Nine,1,1
11519429,4600750,2,2021-03-02 22:01:57,2022-07-27 08:26:33,New Girl,3,1
11519429,4632061,2,2021-03-02 22:01:57,2022-07-27 08:26:33,New Girl,3,2
11519429,4632062,2,2021-03-02 22:01:57,2022-07-27 08:26:33,New Girl,3,3
11519429,4632063,2,2021-03-02 22:01:57,2022-07-27 08:26:33,New Girl,3,4
11519429,4632064,2,2021-03-02 22:01:57,2022-07-27 08:26:33,New Girl,3,5
11519429,4632065,2,2021-03-02 22:01:57,2022-07-27 08:26:33,New Girl,3,6
11519429,4632066,2,2021-03-02 22:01:57,2022-07-27 08:26:33,New Girl,3,7
11519429,4643747,2,2020-11-25 17:32:06,2020-12-06 21:26:34,Brooklyn Nine-Nine,1,2
11519429,4643748,2,2020-11-25 17:32:04,2020-12-06 21:26:34,Brooklyn Nine-Nine,1,3
11519429,4643749,2,2020-11-25 17:32:01,2020-12-06 21:26:34,Brooklyn Nine-Nine,1,4
11519429,4663454,2,2020-11-25 17:32:00,2020-12-06 21:26:34,Brooklyn Nine-Nine,1,5
11519429,4680805,2,2020-11-25 17:31:57,2020-12-06 21:26:34,Brooklyn Nine-Nine,1,6
11519429,4692629,1,2020-12-06 21:26:34,2020-12-06 21:26:34,Brooklyn Nine-Nine,1,9
11519429,4694142,2,2020-11-25 17:31:52,2020-12-06 21:26:34,Brooklyn Nine-Nine,1,7
11519429,4698642,2,2021-03-02 22:01:57,2022-07-27 08:26:33,New Girl,3,8
11519429,4698643,2,2021-03-02 22:01:57,2022-07-27 08:26:33,New Girl,3,9
11519429,4698644,2,2021-03-02 22:01:57,2022-07-27 08:26:33,New Girl,3,10
11519429,4699356,1,2020-12-06 21:26:34,2020-12-06 21:26:34,Brooklyn Nine-Nine,1,8
11519429,4705176,1,2020-12-06 21:26:34,2020-12-06 21:26:34,Brooklyn Nine-Nine,1,10
11519429,4715834,1,2020-12-06 21:26:34,2020-12-06 21:26:34,Brooklyn Nine-Nine,1,11
11519429,4721158,2,2021-03-02 22:01:57,2022-07-27 08:26:33,New Girl,3,12
11519429,4721159,2,2021-03-02 22:01:57,2022-07-27 08:26:33,New Girl,3,11
11519429,4727033,1,2020-12-06 21:26:34,2020-12-06 21:26:34,Brooklyn Nine-Nine,1,12
11519429,4728744,2,2021-03-02 22:01:57,2022-07-27 08:26:33,New Girl,3,13
11519429,4728745,2,2021-03-02 22:01:57,2022-07-27 08:26:33,New Girl,3,14
11519429,4749751,1,2020-12-06 21:26:34,2020-12-06 21:26:34,Brooklyn Nine-Nine,1,13
11519429,4749752,1,2020-12-06 21:26:34,2020-12-06 21:26:34,Brooklyn Nine-Nine,1,14
11519429,4749755,1,2020-12-06 21:26:34,2020-12-06 21:26:34,Brooklyn Nine-Nine,1,15
11519429,4749757,1,2020-12-06 21:26:34,2020-12-06 21:26:34,Brooklyn Nine-Nine,1,16
11519429,4749758,1,2020-12-06 21:26:34,2020-12-06 21:26:34,Brooklyn Nine-Nine,1,17
11519429,4749759,1,2020-12-06 21:26:34,2020-12-06 21:26:34,Brooklyn Nine-Nine,1,18
11519429,4749760,1,2020-12-06 21:26:34,2020-12-06 21:26:34,Brooklyn Nine-Nine,1,19
11519429,4749761,1,2020-12-06 21:26:34,2020-12-06 21:26:34,Brooklyn Nine-Nine,1,20
11519429,4749762,1,2020-12-06 21:26:34,2020-12-06 21:26:34,Brooklyn Nine-Nine,1,21
11519429,4749763,1,2020-12-06 21:26:34,2020-12-06 21:26:34,Brooklyn Nine-Nine,1,22
11519429,4768399,2,2021-03-02 22:01:57,2022-07-27 08:26:33,New Girl,3,15
11519429,4781525,2,2021-03-02 22:01:57,2022-07-27 08:26:33,New Girl,3,16
11519429,4790374,2,2021-03-02 22:01:57,2022-07-27 08:26:33,New Girl,3,17
11519429,4799199,2,2021-03-02 22:01:57,2022-07-27 08:26:33,New Girl,3,18
11519429,4807834,2,2021-03-02 22:01:57,2022-07-27 08:26:33,New Girl,3,19
11519429,4818759,2,2021-03-02 22:01:57,2022-07-27 08:26:33,New Girl,3,20
11519429,4818760,2,2021-03-02 22:01:57,2022-07-27 08:26:33,New Girl,3,21
11519429,4818761,2,2021-03-02 22:01:57,2022-07-27 08:26:33,New Girl,3,22
11519429,4818762,2,2021-03-02 22:01:57,2022-07-27 08:26:33,New Girl,3,23
11519429,4930442,1,2020-12-06 21:26:08,2020-12-06 21:26:08,Brooklyn Nine-Nine,2,1
11519429,4930445,2,2021-04-22 21:19:10,2022-07-27 08:26:31,New Girl,4,1
11519429,4933960,1,2020-10-31 22:44:19,2020-10-31 22:44:19,Modern Family,6,1
11519429,4955529,2,2021-04-22 21:19:10,2022-07-27 08:26:31,New Girl,4,2
11519429,4955530,2,2021-04-22 21:19:10,2022-07-27 08:26:31,New Girl,4,3
11519429,4955531,2,2021-04-22 21:19:10,2022-07-27 08:26:31,New Girl,4,4
11519429,4955532,2,2021-04-22 21:19:10,2022-07-27 08:26:31,New Girl,4,5
11519429,4955533,2,2021-04-22 21:19:10,2022-07-27 08:26:31,New Girl,4,6
11519429,4955534,2,2021-04-22 21:19:10,2022-07-27 08:26:31,New Girl,4,7
11519429,4955535,2,2021-04-22 21:19:10,2022-07-27 08:26:31,New Girl,4,8
11519429,4955536,2,2021-04-22 21:19:10,2022-07-27 08:26:31,New Girl,4,9
11519429,4968135,1,2020-12-06 21:26:08,2020-12-06 21:26:08,Brooklyn Nine-Nine,2,2
11519429,4968136,1,2020-12-06 21:26:08,2020-12-06 21:26:08,Brooklyn Nine-Nine,2,4
11519429,4969973,1,2020-12-06 21:26:08,2020-12-06 21:26:08,Brooklyn Nine-Nine,2,3
11519429,4986303,1,2020-10-31 22:44:19,2020-10-31 22:44:19,Modern Family,6,2
11519429,4986304,1,2020-10-31 22:44:19,2020-10-31 22:44:19,Modern Family,6,3
11519429,4997840,1,2023-01-17 21:09:17,2023-01-17 21:09:17,Lovesick,1,1
11519429,5005438,1,2020-10-31 22:44:19,2020-10-31 22:44:19,Modern Family,6,4
11519429,5010893,1,2020-10-31 22:44:19,2020-10-31 22:44:19,Modern Family,6,5
11519429,5011825,1,2020-12-06 21:26:08,2020-12-06 21:26:08,Brooklyn Nine-Nine,2,5
11519429,5013176,1,2023-01-17 21:09:17,2023-01-17 21:09:17,Lovesick,1,2
11519429,5014660,1,2023-01-17 21:09:17,2023-01-17 21:09:17,Lovesick,1,3
11519429,5016604,1,2020-10-31 22:44:19,2020-10-31 22:44:19,Modern Family,6,6
11519429,5017263,1,2020-12-06 21:26:08,2020-12-06 21:26:08,Brooklyn Nine-Nine,2,6
11519429,5019762,1,2023-01-17 21:09:17,2023-01-17 21:09:17,Lovesick,1,4
11519429,5019764,1,2023-01-17 21:09:17,2023-01-17 21:09:17,Lovesick,1,5
11519429,5019765,1,2023-01-17 21:09:17,2023-01-17 21:09:17,Lovesick,1,6
11519429,5025204,1,2020-12-06 21:26:08,2020-12-06 21:26:08,Brooklyn Nine-Nine,2,7
11519429,5029272,1,2020-10-31 22:44:19,2020-10-31 22:44:19,Modern Family,6,7
11519429,5030883,1,2020-10-31 22:44:19,2020-10-31 22:44:19,Modern Family,6,8
11519429,5032019,1,2020-12-06 21:26:08,2020-12-06 21:26:08,Brooklyn Nine-Nine,2,8
11519429,5039358,1,2020-12-06 21:26:08,2020-12-06 21:26:08,Brooklyn Nine-Nine,2,9
11519429,5041936,2,2021-04-22 21:19:10,2022-07-27 08:26:31,New Girl,4,10
11519429,5041937,2,2021-04-22 21:19:10,2022-07-27 08:26:31,New Girl,4,11
11519429,5041939,1,2020-10-31 22:44:19,2020-10-31 22:44:19,Modern Family,6,9
11519429,5041941,1,2020-10-31 22:44:19,2020-10-31 22:44:19,Modern Family,6,10
11519429,5045091,1,2020-12-06 21:26:08,2020-12-06 21:26:08,Brooklyn Nine-Nine,2,10
11519429,5050865,2,2021-04-22 21:19:10,2022-07-27 08:26:31,New Girl,4,12
11519429,5051503,1,2020-12-06 21:26:08,2020-12-06 21:26:08,Brooklyn Nine-Nine,2,11
11519429,5052243,1,2020-12-06 21:26:08,2020-12-06 21:26:08,Brooklyn Nine-Nine,2,12
11519429,5059736,2,2021-04-22 21:19:10,2022-07-27 08:26:31,New Girl,4,13
11519429,5059737,2,2021-04-22 21:19:10,2022-07-27 08:26:31,New Girl,4,14
11519429,5059738,2,2021-04-22 21:19:10,2022-07-27 08:26:31,New Girl,4,15
11519429,5059740,1,2020-10-31 22:44:19,2020-10-31 22:44:19,Modern Family,6,11
11519429,5059741,1,2020-10-31 22:44:19,2020-10-31 22:44:19,Modern Family,6,12
11519429,5066143,2,2021-04-22 21:19:10,2022-07-27 08:26:31,New Girl,4,16
11519429,5066144,2,2021-04-22 21:19:10,2022-07-27 08:26:31,New Girl,4,17
11519429,5068347,1,2020-12-06 21:26:08,2020-12-06 21:26:08,Brooklyn Nine-Nine,2,13
11519429,5069879,1,2020-10-31 22:44:19,2020-10-31 22:44:19,Modern Family,6,13
11519429,5087045,1,2020-12-06 21:26:08,2020-12-06 21:26:08,Brooklyn Nine-Nine,2,14
11519429,5102284,1,2020-12-06 21:26:08,2020-12-06 21:26:08,Brooklyn Nine-Nine,2,15
11519429,5105145,1,2020-10-31 22:44:19,2020-10-31 22:44:19,Modern Family,6,14
11519429,5105146,1,2020-10-31 22:44:19,2020-10-31 22:44:19,Modern Family,6,15
11519429,5105147,1,2020-10-31 22:44:19,2020-10-31 22:44:19,Modern Family,6,16
11519429,5108575,1,2020-12-06 21:26:08,2020-12-06 21:26:08,Brooklyn Nine-Nine,2,16
11519429,5112608,1,2020-10-31 22:44:19,2020-10-31 22:44:19,Modern Family,6,17
11519429,5120119,1,2020-12-06 21:26:08,2020-12-06 21:26:08,Brooklyn Nine-Nine,2,17
11519429,5122790,1,2020-10-31 22:44:19,2020-10-31 22:44:19,Modern Family,6,18
11519429,5122791,1,2020-10-31 22:44:19,2020-10-31 22:44:19,Modern Family,6,19
11519429,5122793,1,2020-10-31 22:44:19,2020-10-31 22:44:19,Modern Family,6,20
11519429,5122794,2,2021-04-22 21:19:10,2022-07-27 08:26:31,New Girl,4,18
11519429,5122795,2,2021-04-22 21:19:10,2022-07-27 08:26:31,New Girl,4,19
11519429,5122796,2,2021-04-22 21:19:10,2022-07-27 08:26:31,New Girl,4,20
11519429,5127443,1,2020-12-06 21:26:08,2020-12-06 21:26:08,Brooklyn Nine-Nine,2,18
11519429,5135245,1,2020-12-06 21:26:08,2020-12-06 21:26:08,Brooklyn Nine-Nine,2,19
11519429,5140456,2,2021-04-22 21:19:10,2022-07-27 08:26:31,New Girl,4,21
11519429,5144600,2,2021-04-22 21:19:10,2022-07-27 08:26:31,New Girl,4,22
11519429,5160953,1,2020-10-31 22:44:19,2020-10-31 22:44:19,Modern Family,6,21
11519429,5160954,1,2020-10-31 22:44:19,2020-10-31 22:44:19,Modern Family,6,22
11519429,5160955,1,2020-10-31 22:44:19,2020-10-31 22:44:19,Modern Family,6,23
11519429,5160956,1,2020-10-31 22:44:19,2020-10-31 22:44:19,Modern Family,6,24
11519429,5170352,1,2020-12-06 21:26:08,2020-12-06 21:26:08,Brooklyn Nine-Nine,2,20
11519429,5180466,1,2020-12-06 21:26:08,2020-12-06 21:26:08,Brooklyn Nine-Nine,2,21
11519429,5190406,1,2020-12-06 21:26:08,2020-12-06 21:26:08,Brooklyn Nine-Nine,2,22
11519429,5199337,1,2020-12-06 21:26:08,2020-12-06 21:26:08,Brooklyn Nine-Nine,2,23
11519429,5248993,1,2020-10-31 22:44:16,2020-10-31 22:44:16,Modern Family,7,1
11519429,5261705,1,2021-01-14 19:06:01,2021-01-14 19:06:01,Brooklyn Nine-Nine,3,1
11519429,5307012,1,2020-10-31 22:44:16,2020-10-31 22:44:16,Modern Family,7,2
11519429,5325151,1,2021-01-14 19:06:01,2021-01-14 19:06:01,Brooklyn Nine-Nine,3,2
11519429,5333807,1,2020-10-31 22:44:16,2020-10-31 22:44:16,Modern Family,7,3
11519429,5333808,1,2020-10-31 22:44:16,2020-10-31 22:44:16,Modern Family,7,4
11519429,5333809,1,2020-10-31 22:44:16,2020-10-31 22:44:16,Modern Family,7,5
11519429,5333810,1,2020-10-31 22:44:16,2020-10-31 22:44:16,Modern Family,7,6
11519429,5335906,1,2021-01-14 19:06:01,2021-01-14 19:06:01,Brooklyn Nine-Nine,3,3
11519429,5336738,2,2021-04-22 21:19:09,2022-07-27 08:26:28,New Girl,5,1
11519429,5344964,1,2021-01-14 19:06:01,2021-01-14 19:06:01,Brooklyn Nine-Nine,3,4
11519429,5352170,1,2021-01-14 19:06:01,2021-01-14 19:06:01,Brooklyn Nine-Nine,3,5
11519429,5371478,1,2021-01-14 19:06:01,2021-01-14 19:06:01,Brooklyn Nine-Nine,3,6
11519429,5373898,1,2021-01-14 19:06:01,2021-01-14 19:06:01,Brooklyn Nine-Nine,3,7
11519429,5374718,1,2020-10-31 22:44:16,2020-10-31 22:44:16,Modern Family,7,7
11519429,5374719,1,2020-10-31 22:44:16,2020-10-31 22:44:16,Modern Family,7,8
11519429,5374721,1,2020-10-31 22:44:16,2020-10-31 22:44:16,Modern Family,7,9
11519429,5374722,1,2020-10-31 22:44:16,2020-10-31 22:44:16,Modern Family,7,10
11519429,5381215,1,2021-01-14 19:06:01,2021-01-14 19:06:01,Brooklyn Nine-Nine,3,8
11519429,5397124,1,2021-01-14 19:06:01,2021-01-14 19:06:01,Brooklyn Nine-Nine,3,9
11519429,5405602,1,2021-01-14 19:06:01,2021-01-14 19:06:01,Brooklyn Nine-Nine,3,10
11519429,5406724,1,2020-10-31 22:44:16,2020-10-31 22:44:16,Modern Family,7,11
11519429,5429366,1,2021-01-14 19:06:01,2021-01-14 19:06:01,Brooklyn Nine-Nine,3,11
11519429,5436514,2,2021-04-22 21:19:09,2022-07-27 08:26:28,New Girl,5,2
11519429,5443798,2,2021-04-22 21:19:09,2022-07-27 08:26:28,New Girl,5,3
11519429,5453863,1,2021-01-14 19:06:01,2021-01-14 19:06:01,Brooklyn Nine-Nine,3,12
11519429,5463236,2,2021-04-22 21:19:09,2022-07-27 08:26:28,New Girl,5,4
11519429,5463237,2,2021-04-22 21:19:09,2022-07-27 08:26:28,New Girl,5,5
11519429,5463238,2,2021-04-22 21:19:09,2022-07-27 08:26:28,New Girl,5,6
11519429,5463239,2,2021-04-22 21:19:09,2022-07-27 08:26:28,New Girl,5,7
11519429,5463240,2,2021-04-22 21:19:09,2022-07-27 08:26:28,New Girl,5,8
11519429,5463439,1,2021-01-14 19:06:01,2021-01-14 19:06:01,Brooklyn Nine-Nine,3,13
11519429,5470763,1,2021-01-14 19:06:01,2021-01-14 19:06:01,Brooklyn Nine-Nine,3,14
11519429,5482600,1,2020-10-31 22:44:16,2020-10-31 22:44:16,Modern Family,7,13
11519429,5482601,1,2020-10-31 22:44:16,2020-10-31 22:44:16,Modern Family,7,12
11519429,5482602,1,2020-10-31 22:44:16,2020-10-31 22:44:16,Modern Family,7,14
11519429,5483268,1,2021-01-14 19:06:01,2021-01-14 19:06:01,Brooklyn Nine-Nine,3,15
11519429,5483437,1,2020-10-31 22:44:16,2020-10-31 22:44:16,Modern Family,7,15
11519429,5496844,1,2021-01-14 19:06:01,2021-01-14 19:06:01,Brooklyn Nine-Nine,3,16
11519429,5498597,1,2021-01-14 19:06:01,2021-01-14 19:06:01,Brooklyn Nine-Nine,3,17
11519429,5509368,2,2021-04-22 21:19:09,2022-07-27 08:26:28,New Girl,5,9
11519429,5509369,1,2021-01-14 19:06:01,2021-01-14 19:06:01,Brooklyn Nine-Nine,3,18
11519429,5509579,1,2020-10-31 22:44:16,2020-10-31 22:44:16,Modern Family,7,16
11519429,5510314,2,2021-04-22 21:19:09,2022-07-27 08:26:28,New Girl,5,10
11519429,5523885,2,2021-04-22 21:19:09,2022-07-27 08:26:28,New Girl,5,11
11519429,5523886,1,2021-01-14 19:06:01,2021-01-14 19:06:01,Brooklyn Nine-Nine,3,19
11519429,5537649,2,2021-04-22 21:19:09,2022-07-27 08:26:28,New Girl,5,12
11519429,5539634,2,2021-04-22 21:19:09,2022-07-27 08:26:28,New Girl,5,13
11519429,5539644,1,2021-01-14 19:06:01,2021-01-14 19:06:01,Brooklyn Nine-Nine,3,20
11519429,5542501,1,2020-10-31 22:44:16,2020-10-31 22:44:16,Modern Family,7,17
11519429,5545915,1,2021-01-14 19:06:01,2021-01-14 19:06:01,Brooklyn Nine-Nine,3,21
11519429,5557196,1,2020-10-31 22:44:16,2020-10-31 22:44:16,Modern Family,7,18
11519429,5557197,1,2020-10-31 22:44:16,2020-10-31 22:44:16,Modern Family,7,19
11519429,5557695,1,2021-01-14 19:06:01,2021-01-14 19:06:01,Brooklyn Nine-Nine,3,22
11519429,5557728,2,2021-04-22 21:19:09,2022-07-27 08:26:28,New Girl,5,14
11519429,5560646,2,2021-04-22 21:19:09,2022-07-27 08:26:28,New Girl,5,15
11519429,5560647,2,2021-04-22 21:19:09,2022-07-27 08:26:28,New Girl,5,16
11519429,5560649,1,2021-01-14 19:06:01,2021-01-14 19:06:01,Brooklyn Nine-Nine,3,23
11519429,5571502,1,2020-10-31 22:44:16,2020-10-31 22:44:16,Modern Family,7,20
11519429,5571503,1,2020-10-31 22:44:16,2020-10-31 22:44:16,Modern Family,7,21
11519429,5571504,1,2020-10-31 22:44:16,2020-10-31 22:44:16,Modern Family,7,22
11519429,5573626,2,2021-04-22 21:19:09,2022-07-27 08:26:28,New Girl,5,17
11519429,5573627,2,2021-04-22 21:19:09,2022-07-27 08:26:28,New Girl,5,18
11519429,5575962,2,2021-04-22 21:19:09,2022-07-27 08:26:28,New Girl,5,19
11519429,5575963,2,2021-04-22 21:19:09,2022-07-27 08:26:28,New Girl,5,20
11519429,5579420,2,2021-04-22 21:19:09,2022-07-27 08:26:28,New Girl,5,21
11519429,5579421,2,2021-04-22 21:19:09,2022-07-27 08:26:28,New Girl,5,22
11519429,5649958,1,2021-01-14 19:05:58,2021-01-14 19:05:58,Brooklyn Nine-Nine,4,1
11519429,5649959,1,2021-04-22 21:19:07,2021-04-22 21:19:07,New Girl,6,1
11519429,5692011,1,2023-01-17 21:09:15,2023-01-17 21:09:15,Lovesick,2,1
11519429,5710409,1,2021-01-14 19:05:58,2021-01-14 19:05:58,Brooklyn Nine-Nine,4,2
11519429,5710410,1,2021-01-14 19:05:58,2021-01-14 19:05:58,Brooklyn Nine-Nine,4,3
11519429,5720948,1,2020-10-31 22:44:13,2020-10-31 22:44:13,Modern Family,8,2
11519429,5720952,1,2021-04-22 21:19:07,2021-04-22 21:19:07,New Girl,6,2
11519429,5720953,1,2021-04-22 21:19:07,2021-04-22 21:19:07,New Girl,6,3
11519429,5723058,1,2021-01-14 19:05:58,2021-01-14 19:05:58,Brooklyn Nine-Nine,4,4
11519429,5723060,1,2021-04-22 21:19:07,2021-04-22 21:19:07,New Girl,6,4
11519429,5734358,1,2020-10-31 22:44:13,2020-10-31 22:44:13,Modern Family,8,3
11519429,5734359,1,2020-10-31 22:44:13,2020-10-31 22:44:13,Modern Family,8,4
11519429,5734360,1,2020-10-31 22:44:13,2020-10-31 22:44:13,Modern Family,8,5
11519429,5756926,1,2021-04-22 21:19:07,2021-04-22 21:19:07,New Girl,6,5
11519429,5768303,1,2021-04-22 21:19:07,2021-04-22 21:19:07,New Girl,6,8
11519429,5772211,1,2021-01-14 19:05:58,2021-01-14 19:05:58,Brooklyn Nine-Nine,4,5
11519429,5779221,1,2021-01-14 19:05:58,2021-01-14 19:05:58,Brooklyn Nine-Nine,4,8
11519429,5779223,1,2021-01-14 19:05:58,2021-01-14 19:05:58,Brooklyn Nine-Nine,4,9
11519429,5779225,1,2021-01-14 19:05:58,2021-01-14 19:05:58,Brooklyn Nine-Nine,4,6
11519429,5796551,1,2020-10-31 22:44:13,2020-10-31 22:44:13,Modern Family,8,6
11519429,5796552,1,2020-10-31 22:44:13,2020-10-31 22:44:13,Modern Family,8,7
11519429,5812964,1,2021-01-14 19:05:58,2021-01-14 19:05:58,Brooklyn Nine-Nine,4,7
11519429,5812967,1,2021-04-22 21:19:07,2021-04-22 21:19:07,New Girl,6,6
11519429,5820107,1,2021-04-22 21:19:07,2021-04-22 21:19:07,New Girl,6,7
11519429,5820109,1,2021-04-22 21:19:07,2021-04-22 21:19:07,New Girl,6,9
11519429,5820110,1,2021-04-22 21:19:07,2021-04-22 21:19:07,New Girl,6,10
11519429,5833325,1,2021-01-14 19:05:58,2021-01-14 19:05:58,Brooklyn Nine-Nine,4,10
11519429,5836398,1,2021-04-22 21:19:07,2021-04-22 21:19:07,New Girl,6,11
11519429,5840610,1,2020-10-31 22:44:13,2020-10-31 22:44:13,Modern Family,8,8
11519429,5840611,1,2020-10-31 22:44:13,2020-10-31 22:44:13,Modern Family,8,9
11519429,5841363,1,2023-01-17 21:09:15,2023-01-17 21:09:15,Lovesick,2,2
11519429,5841364,1,2023-01-17 21:09:15,2023-01-17 21:09:15,Lovesick,2,3
11519429,5841365,1,2023-01-17 21:09:15,2023-01-17 21:09:15,Lovesick,2,4
11519429,5841366,1,2023-01-17 21:09:15,2023-01-17 21:09:15,Lovesick,2,5
11519429,5841367,1,2023-01-17 21:09:15,2023-01-17 21:09:15,Lovesick,2,6
11519429,5841368,1,2023-01-17 21:09:15,2023-01-17 21:09:15,Lovesick,2,7
11519429,5841369,1,2023-01-17 21:09:15,2023-01-17 21:09:15,Lovesick,2,8
11519429,5847773,1,2021-04-22 21:19:07,2021-04-22 21:19:07,New Girl,6,12
11519429,5857673,1,2020-10-31 22:44:13,2020-10-31 22:44:13,Modern Family,8,1
11519429,5860229,1,2021-01-14 19:05:58,2021-01-14 19:05:58,Brooklyn Nine-Nine,4,11
11519429,5860230,1,2021-01-14 19:05:58,2021-01-14 19:05:58,Brooklyn Nine-Nine,4,12
11519429,5865341,1,2021-04-22 21:19:07,2021-04-22 21:19:07,New Girl,6,13
11519429,5874208,1,2021-04-22 21:19:07,2021-04-22 21:19:07,New Girl,6,14
11519429,5880092,1,2020-10-31 22:44:13,2020-10-31 22:44:13,Modern Family,8,10
11519429,5897071,1,2020-10-31 22:44:13,2020-10-31 22:44:13,Modern Family,8,11
11519429,5902693,1,2021-04-22 21:19:07,2021-04-22 21:19:07,New Girl,6,15
11519429,5922716,1,2021-01-14 19:05:58,2021-01-14 19:05:58,Brooklyn Nine-Nine,4,13
11519429,5924667,1,2020-10-31 22:44:13,2020-10-31 22:44:13,Modern Family,8,12
11519429,5930403,1,2020-10-31 22:44:13,2020-10-31 22:44:13,Modern Family,8,15
11519429,5940072,1,2021-04-22 21:19:07,2021-04-22 21:19:07,New Girl,6,16
11519429,5944376,1,2020-10-31 22:44:13,2020-10-31 22:44:13,Modern Family,8,14
11519429,5946638,1,2021-01-14 19:05:58,2021-01-14 19:05:58,Brooklyn Nine-Nine,4,14
11519429,5947446,1,2021-01-14 19:05:58,2021-01-14 19:05:58,Brooklyn Nine-Nine,4,15
11519429,5951543,1,2021-01-14 19:05:58,2021-01-14 19:05:58,Brooklyn Nine-Nine,4,17
11519429,5951544,1,2021-01-14 19:05:58,2021-01-14 19:05:58,Brooklyn Nine-Nine,4,16
11519429,5953104,1,2021-04-22 21:19:07,2021-04-22 21:19:07,New Girl,6,17
11519429,5962996,1,2021-04-22 21:19:07,2021-04-22 21:19:07,New Girl,6,18
11519429,5966852,1,2020-10-31 22:44:13,2020-10-31 22:44:13,Modern Family,8,13
11519429,5978575,1,2021-04-22 21:19:07,2021-04-22 21:19:07,New Girl,6,19
11519429,5979426,1,2020-10-31 22:44:13,2020-10-31 22:44:13,Modern Family,8,16
11519429,5987956,1,2020-10-31 22:44:13,2020-10-31 22:44:13,Modern Family,8,17
11519429,5988700,1,2021-04-22 21:19:07,2021-04-22 21:19:07,New Girl,6,20
11519429,6000744,1,2021-04-22 21:19:07,2021-04-22 21:19:07,New Girl,6,21
11519429,6000760,1,2021-04-22 21:19:07,2021-04-22 21:19:07,New Girl,6,22
11519429,6006044,1,2020-10-31 22:44:13,2020-10-31 22:44:13,Modern Family,8,18
11519429,6006045,1,2020-10-31 22:44:13,2020-10-31 22:44:13,Modern Family,8,19
11519429,6006046,1,2020-10-31 22:44:13,2020-10-31 22:44:13,Modern Family,8,20
11519429,6006047,1,2020-10-31 22:44:13,2020-10-31 22:44:13,Modern Family,8,21
11519429,6006048,1,2020-10-31 22:44:13,2020-10-31 22:44:13,Modern Family,8,22
11519429,6044039,1,2021-01-14 19:05:58,2021-01-14 19:05:58,Brooklyn Nine-Nine,4,18
11519429,6055155,1,2021-01-14 19:05:58,2021-01-14 19:05:58,Brooklyn Nine-Nine,4,19
11519429,6055156,1,2021-01-14 19:05:58,2021-01-14 19:05:58,Brooklyn Nine-Nine,4,20
11519429,6060773,1,2021-01-14 19:05:58,2021-01-14 19:05:58,Brooklyn Nine-Nine,4,21
11519429,6060774,1,2021-01-14 19:05:58,2021-01-14 19:05:58,Brooklyn Nine-Nine,4,22
11519429,6148858,1,2021-02-02 21:21:01,2021-02-02 21:21:01,Brooklyn Nine-Nine,5,1
11519429,6215286,1,2020-10-31 22:44:08,2020-10-31 22:44:08,Modern Family,9,1
11519429,6231404,1,2021-02-02 21:21:01,2021-02-02 21:21:01,Brooklyn Nine-Nine,5,2
11519429,6231406,1,2021-02-02 21:21:01,2021-02-02 21:21:01,Brooklyn Nine-Nine,5,3
11519429,6231407,1,2021-02-02 21:21:01,2021-02-02 21:21:01,Brooklyn Nine-Nine,5,4
11519429,6273130,1,2020-10-31 22:44:08,2020-10-31 22:44:08,Modern Family,9,2
11519429,6333658,1,2020-10-31 22:44:08,2020-10-31 22:44:08,Modern Family,9,3
11519429,6349783,1,2020-10-31 22:44:08,2020-10-31 22:44:08,Modern Family,9,4
11519429,6357965,1,2021-02-02 21:21:01,2021-02-02 21:21:01,Brooklyn Nine-Nine,5,5
11519429,6366922,1,2020-10-31 22:44:08,2020-10-31 22:44:08,Modern Family,9,5
11519429,6369847,1,2021-02-02 21:21:01,2021-02-02 21:21:01,Brooklyn Nine-Nine,5,6
11519429,6379375,1,2020-10-31 22:44:08,2020-10-31 22:44:08,Modern Family,9,6
11519429,6380814,1,2021-02-02 21:21:01,2021-02-02 21:21:01,Brooklyn Nine-Nine,5,7
11519429,6387902,1,2020-10-31 22:44:08,2020-10-31 22:44:08,Modern Family,9,7
11519429,6390389,1,2021-02-02 21:21:01,2021-02-02 21:21:01,Brooklyn Nine-Nine,5,8
11519429,6409273,1,2020-10-31 22:44:08,2020-10-31 22:44:08,Modern Family,9,8
11519429,6412795,1,2021-02-02 21:21:01,2021-02-02 21:21:01,Brooklyn Nine-Nine,5,9
11519429,6418140,1,2020-10-31 22:44:08,2020-10-31 22:44:08,Modern Family,9,9
11519429,6420056,1,2021-02-02 21:21:01,2021-02-02 21:21:01,Brooklyn Nine-Nine,5,10
11519429,6420970,1,2021-02-02 21:21:01,2021-02-02 21:21:01,Brooklyn Nine-Nine,5,11
11519429,6432803,1,2020-10-31 22:44:08,2020-10-31 22:44:08,Modern Family,9,10
11519429,6441919,1,2023-01-17 21:09:14,2023-01-17 21:09:14,Lovesick,3,1
11519429,6445528,1,2023-01-17 21:09:14,2023-01-17 21:09:14,Lovesick,3,2
11519429,6445529,1,2023-01-17 21:09:14,2023-01-17 21:09:14,Lovesick,3,3
11519429,6445530,1,2023-01-17 21:09:14,2023-01-17 21:09:14,Lovesick,3,4
11519429,6445531,1,2023-01-17 21:09:14,2023-01-17 21:09:14,Lovesick,3,5
11519429,6445532,1,2023-01-17 21:09:14,2023-01-17 21:09:14,Lovesick,3,6
11519429,6445533,1,2023-01-17 21:09:14,2023-01-17 21:09:14,Lovesick,3,7
11519429,6445534,1,2023-01-17 21:09:14,2023-01-17 21:09:14,Lovesick,3,8
11519429,6455067,1,2020-10-31 22:44:08,2020-10-31 22:44:08,Modern Family,9,11
11519429,6471903,1,2020-10-31 22:44:08,2020-10-31 22:44:08,Modern Family,9,12
11519429,6471904,1,2020-10-31 22:44:08,2020-10-31 22:44:08,Modern Family,9,13
11519429,6485720,1,2022-07-27 08:26:24,2022-07-27 08:26:24,New Girl,7,1
11519429,6486705,1,2022-07-27 08:26:24,2022-07-27 08:26:24,New Girl,7,2
11519429,6486706,1,2022-07-27 08:26:24,2022-07-27 08:26:24,New Girl,7,3
11519429,6486707,1,2022-07-27 08:26:24,2022-07-27 08:26:24,New Girl,7,4
11519429,6486708,1,2022-07-27 08:26:24,2022-07-27 08:26:24,New Girl,7,5
11519429,6486709,1,2022-07-27 08:26:24,2022-07-27 08:26:24,New Girl,7,6
11519429,6512370,1,2020-10-31 22:44:08,2020-10-31 22:44:08,Modern Family,9,14
11519429,6555859,1,2020-10-31 22:44:08,2020-10-31 22:44:08,Modern Family,9,15
11519429,6569098,1,2021-02-02 21:21:01,2021-02-02 21:21:01,Brooklyn Nine-Nine,5,12
11519429,6581790,1,2020-10-31 22:44:08,2020-10-31 22:44:08,Modern Family,9,16
11519429,6583155,1,2021-02-02 21:21:01,2021-02-02 21:21:01,Brooklyn Nine-Nine,5,13
11519429,6590257,1,2021-02-02 21:21:01,2021-02-02 21:21:01,Brooklyn Nine-Nine,5,14
11519429,6594244,1,2020-10-31 22:44:08,2020-10-31 22:44:08,Modern Family,9,17
11519429,6600841,1,2022-07-27 08:26:24,2022-07-27 08:26:24,New Girl,7,7
11519429,6600843,1,2022-07-27 08:26:24,2022-07-27 08:26:24,New Girl,7,8
11519429,6601701,1,2021-02-02 21:21:01,2021-02-02 21:21:01,Brooklyn Nine-Nine,5,15
11519429,6608931,1,2020-10-31 22:44:08,2020-10-31 22:44:08,Modern Family,9,18
11519429,6611575,1,2021-02-02 21:21:01,2021-02-02 21:21:01,Brooklyn Nine-Nine,5,16
11519429,6611576,1,2021-02-02 21:21:01,2021-02-02 21:21:01,Brooklyn Nine-Nine,5,17
11519429,6614884,1,2021-02-02 21:21:01,2021-02-02 21:21:01,Brooklyn Nine-Nine,5,18
11519429,6617733,1,2021-02-02 21:21:01,2021-02-02 21:21:01,Brooklyn Nine-Nine,5,19
11519429,6617738,1,2021-02-02 21:21:01,2021-02-02 21:21:01,Brooklyn Nine-Nine,5,20
11519429,6617739,1,2021-02-02 21:21:01,2021-02-02 21:21:01,Brooklyn Nine-Nine,5,21
11519429,6617740,1,2021-02-02 21:21:01,2021-02-02 21:21:01,Brooklyn Nine-Nine,5,22
11519429,6618581,1,2020-10-31 22:44:08,2020-10-31 22:44:08,Modern Family,9,19
11519429,6634126,1,2020-10-31 22:44:08,2020-10-31 22:44:08,Modern Family,9,20
11519429,6634127,1,2020-10-31 22:44:08,2020-10-31 22:44:08,Modern Family,9,21
11519429,6634128,1,2020-10-31 22:44:08,2020-10-31 22:44:08,Modern Family,9,22
11519429,6770317,1,2020-11-20 19:21:35,2020-11-20 19:21:35,Modern Family,10,1
11519429,6829826,1,2020-11-20 19:21:35,2020-11-20 19:21:35,Modern Family,10,2
11519429,6839550,1,2020-11-20 19:21:35,2020-11-20 19:21:35,Modern Family,10,3
11519429,6847307,1,2020-11-20 19:21:35,2020-11-20 19:21:35,Modern Family,10,4
11519429,6856954,1,2020-11-20 19:21:35,2020-11-20 19:21:35,Modern Family,10,5
11519429,6862170,1,2020-11-20 19:21:35,2020-11-20 19:21:35,Modern Family,10,6
11519429,6869296,1,2020-11-20 19:21:35,2020-11-20 19:21:35,Modern Family,10,7
11519429,6896914,1,2020-11-20 19:21:35,2020-11-20 19:21:35,Modern Family,10,8
11519429,6898825,1,2020-11-20 19:21:35,2020-11-20 19:21:35,Modern Family,10,10
11519429,6906842,1,2020-11-20 19:21:35,2020-11-20 19:21:35,Modern Family,10,9
11519429,6981497,1,2020-11-20 19:21:35,2020-11-20 19:21:35,Modern Family,10,11
11519429,6981499,1,2020-11-20 19:21:35,2020-11-20 19:21:35,Modern Family,10,12
11519429,6983867,1,2020-11-20 19:21:35,2020-11-20 19:21:35,Modern Family,10,13
11519429,6997398,1,2020-11-20 19:21:35,2020-11-20 19:21:35,Modern Family,10,14
11519429,7017547,1,2020-11-20 19:21:35,2020-11-20 19:21:35,Modern Family,10,15
11519429,7029258,1,2020-11-20 19:21:35,2020-11-20 19:21:35,Modern Family,10,16
11519429,7053239,1,2020-11-20 19:21:35,2020-11-20 19:21:35,Modern Family,10,17
11519429,7063656,1,2020-11-20 19:21:35,2020-11-20 19:21:35,Modern Family,10,18
11519429,7086673,1,2020-11-20 19:21:35,2020-11-20 19:21:35,Modern Family,10,19
11519429,7097524,1,2020-11-20 19:21:35,2020-11-20 19:21:35,Modern Family,10,20
11519429,7118543,1,2020-11-20 19:21:35,2020-11-20 19:21:35,Modern Family,10,21
11519429,7118544,1,2020-11-20 19:21:41,2020-11-20 19:21:41,Modern Family,10,22
11519429,8756401,1,2023-07-07 22:05:08,2023-07-07 22:05:08,Freeridge,1,1
11519429,9509435,1,2023-07-07 22:05:08,2023-07-07 22:05:08,Freeridge,1,2
11519429,9509436,1,2023-07-07 22:05:08,2023-07-07 22:05:08,Freeridge,1,3
11519429,9509437,1,2023-07-07 22:05:08,2023-07-07 22:05:08,Freeridge,1,4
11519429,9509438,1,2023-07-07 22:05:08,2023-07-07 22:05:08,Freeridge,1,5
11519429,9509439,1,2023-07-07 22:05:08,2023-07-07 22:05:08,Freeridge,1,6
11519429,9509440,1,2023-07-07 22:05:08,2023-07-07 22:05:08,Freeridge,1,7
11519429,9509441,1,2023-07-07 22:05:08,2023-07-07 22:05:08,Freeridge,1,8
