updated_at,source,user_id,date,created_at
2017-02-22 12:54:20,ios,11519429,2017-02-22 00:00:00 +0000 UTC,2017-02-22 12:54:20
2017-02-23 10:56:02,ios,11519429,2017-02-23 00:00:00 +0000 UTC,2017-02-23 10:56:02
2017-02-25 18:05:55,ios,11519429,2017-02-25 00:00:00 +0000 UTC,2017-02-25 18:05:55
2017-02-26 19:57:02,ios,11519429,2017-02-26 00:00:00 +0000 UTC,2017-02-26 19:57:02
2017-02-27 20:43:14,ios,11519429,2017-02-27 00:00:00 +0000 UTC,2017-02-27 20:43:14
2017-03-05 19:04:26,ios,11519429,2017-03-05 00:00:00 +0000 UTC,2017-03-05 19:04:26
2017-03-06 20:53:26,ios,11519429,2017-03-06 00:00:00 +0000 UTC,2017-03-06 20:53:26
2017-03-07 21:01:20,ios,11519429,2017-03-07 00:00:00 +0000 UTC,2017-03-07 21:01:20
2017-03-09 11:43:32,ios,11519429,2017-03-09 00:00:00 +0000 UTC,2017-03-09 11:43:32
2017-03-12 19:55:13,ios,11519429,2017-03-12 00:00:00 +0000 UTC,2017-03-12 19:55:13
2017-03-14 12:13:33,ios,11519429,2017-03-14 00:00:00 +0000 UTC,2017-03-14 12:13:33
2017-03-18 21:11:01,ios,11519429,2017-03-18 00:00:00 +0000 UTC,2017-03-18 21:11:01
2017-03-19 20:45:32,ios,11519429,2017-03-19 00:00:00 +0000 UTC,2017-03-19 20:45:32
2017-03-22 21:37:35,ios,11519429,2017-03-22 00:00:00 +0000 UTC,2017-03-22 21:37:35
2017-03-23 11:56:19,ios,11519429,2017-03-23 00:00:00 +0000 UTC,2017-03-23 11:56:19
2017-03-24 14:04:27,ios,11519429,2017-03-24 00:00:00 +0000 UTC,2017-03-24 14:04:27
2017-03-25 13:08:09,ios,11519429,2017-03-25 00:00:00 +0000 UTC,2017-03-25 13:08:09
2017-03-26 10:24:08,ios,11519429,2017-03-26 00:00:00 +0000 UTC,2017-03-26 10:24:08
2017-03-27 09:26:58,ios,11519429,2017-03-27 00:00:00 +0000 UTC,2017-03-27 09:26:58
2017-03-31 06:54:51,ios,11519429,2017-03-31 00:00:00 +0000 UTC,2017-03-31 06:54:51
2017-04-02 11:20:43,ios,11519429,2017-04-02 00:00:00 +0000 UTC,2017-04-02 11:20:43
2017-04-04 19:44:53,ios,11519429,2017-04-04 00:00:00 +0000 UTC,2017-04-04 19:44:53
2017-04-06 09:47:27,ios,11519429,2017-04-06 00:00:00 +0000 UTC,2017-04-06 09:47:27
2017-04-08 11:59:49,ios,11519429,2017-04-08 00:00:00 +0000 UTC,2017-04-08 11:59:49
2017-04-09 18:39:22,ios,11519429,2017-04-09 00:00:00 +0000 UTC,2017-04-09 18:39:22
2017-04-14 11:33:59,ios,11519429,2017-04-14 00:00:00 +0000 UTC,2017-04-14 11:33:59
2017-04-16 15:59:35,ios,11519429,2017-04-16 00:00:00 +0000 UTC,2017-04-16 15:59:35
2017-04-18 18:06:17,ios,11519429,2017-04-18 00:00:00 +0000 UTC,2017-04-18 18:06:17
2017-05-06 11:09:16,ios,11519429,2017-05-06 00:00:00 +0000 UTC,2017-05-06 11:09:16
2017-05-09 11:37:41,ios,11519429,2017-05-09 00:00:00 +0000 UTC,2017-05-09 11:37:41
2017-05-10 12:07:34,ios,11519429,2017-05-10 00:00:00 +0000 UTC,2017-05-10 12:07:34
2017-05-11 11:45:14,ios,11519429,2017-05-11 00:00:00 +0000 UTC,2017-05-11 11:45:14
2017-05-12 09:01:35,ios,11519429,2017-05-12 00:00:00 +0000 UTC,2017-05-12 09:01:35
2017-05-13 13:29:04,ios,11519429,2017-05-13 00:00:00 +0000 UTC,2017-05-13 13:29:04
2017-05-14 14:31:54,ios,11519429,2017-05-14 00:00:00 +0000 UTC,2017-05-14 14:31:54
2017-05-15 16:30:44,ios,11519429,2017-05-15 00:00:00 +0000 UTC,2017-05-15 16:30:44
2017-05-18 12:15:30,ios,11519429,2017-05-18 00:00:00 +0000 UTC,2017-05-18 12:15:30
2017-05-19 09:52:16,ios,11519429,2017-05-19 00:00:00 +0000 UTC,2017-05-19 09:52:16
2017-05-20 12:08:32,ios,11519429,2017-05-20 00:00:00 +0000 UTC,2017-05-20 12:08:32
2017-05-23 16:05:20,ios,11519429,2017-05-23 00:00:00 +0000 UTC,2017-05-23 16:05:20
2017-05-25 20:29:37,ios,11519429,2017-05-25 00:00:00 +0000 UTC,2017-05-25 20:29:37
2017-05-30 06:22:18,ios,11519429,2017-05-30 00:00:00 +0000 UTC,2017-05-30 06:22:18
2017-06-02 10:18:53,ios,11519429,2017-06-02 00:00:00 +0000 UTC,2017-06-02 10:18:53
2017-06-04 20:49:40,ios,11519429,2017-06-04 00:00:00 +0000 UTC,2017-06-04 20:49:40
2017-06-05 20:31:37,ios,11519429,2017-06-05 00:00:00 +0000 UTC,2017-06-05 20:31:37
2017-06-09 10:41:48,ios,11519429,2017-06-09 00:00:00 +0000 UTC,2017-06-09 10:41:48
2017-06-10 12:08:53,ios,11519429,2017-06-10 00:00:00 +0000 UTC,2017-06-10 12:08:53
2017-06-18 11:15:54,ios,11519429,2017-06-18 00:00:00 +0000 UTC,2017-06-18 11:15:54
2017-06-22 20:24:40,ios,11519429,2017-06-22 00:00:00 +0000 UTC,2017-06-22 20:24:40
2017-06-25 11:56:57,ios,11519429,2017-06-25 00:00:00 +0000 UTC,2017-06-25 11:56:57
2017-06-27 07:41:03,ios,11519429,2017-06-27 00:00:00 +0000 UTC,2017-06-27 07:41:03
2017-07-02 17:04:54,ios,11519429,2017-07-02 00:00:00 +0000 UTC,2017-07-02 17:04:54
2017-07-03 20:40:43,ios,11519429,2017-07-03 00:00:00 +0000 UTC,2017-07-03 20:40:43
2017-07-16 11:56:15,ios,11519429,2017-07-16 00:00:00 +0000 UTC,2017-07-16 11:56:15
2017-07-20 15:47:00,ios,11519429,2017-07-20 00:00:00 +0000 UTC,2017-07-20 15:47:00
2017-08-02 23:07:18,ios,11519429,2017-08-02 00:00:00 +0000 UTC,2017-08-02 23:07:18
2017-08-13 20:42:27,ios,11519429,2017-08-13 00:00:00 +0000 UTC,2017-08-13 20:42:27
2017-08-20 22:03:37,ios,11519429,2017-08-20 00:00:00 +0000 UTC,2017-08-20 22:03:37
2017-09-10 12:40:48,ios,11519429,2017-09-10 00:00:00 +0000 UTC,2017-09-10 12:40:48
2017-09-17 21:04:30,ios,11519429,2017-09-17 00:00:00 +0000 UTC,2017-09-17 21:04:30
2017-09-24 12:01:28,ios,11519429,2017-09-24 00:00:00 +0000 UTC,2017-09-24 12:01:28
2017-10-14 22:22:08,ios,11519429,2017-10-14 00:00:00 +0000 UTC,2017-10-14 22:22:08
2017-11-05 17:47:06,ios,11519429,2017-11-05 00:00:00 +0000 UTC,2017-11-05 17:47:06
2017-11-12 19:59:40,ios,11519429,2017-11-12 00:00:00 +0000 UTC,2017-11-12 19:59:40
2017-11-12 19:59:44,web,11519429,2017-11-12 00:00:00 +0000 UTC,2017-11-12 19:59:44
2017-11-13 21:07:31,ios,11519429,2017-11-13 00:00:00 +0000 UTC,2017-11-13 21:07:31
2017-11-14 10:19:46,ios,11519429,2017-11-14 00:00:00 +0000 UTC,2017-11-14 10:19:46
2017-11-15 13:20:12,ios,11519429,2017-11-15 00:00:00 +0000 UTC,2017-11-15 13:20:12
2017-11-16 21:15:07,ios,11519429,2017-11-16 00:00:00 +0000 UTC,2017-11-16 21:15:07
2017-11-18 17:50:44,ios,11519429,2017-11-18 00:00:00 +0000 UTC,2017-11-18 17:50:44
2017-11-19 13:19:46,ios,11519429,2017-11-19 00:00:00 +0000 UTC,2017-11-19 13:19:46
2017-12-24 00:23:45,ios,11519429,2017-12-24 00:00:00 +0000 UTC,2017-12-24 00:23:45
2017-12-31 08:23:53,ios,11519429,2017-12-31 00:00:00 +0000 UTC,2017-12-31 08:23:53
2018-01-02 23:07:57,ios,11519429,2018-01-02 00:00:00 +0000 UTC,2018-01-02 23:07:57
2018-01-07 16:28:59,ios,11519429,2018-01-07 00:00:00 +0000 UTC,2018-01-07 16:28:59
2018-01-13 11:10:54,ios,11519429,2018-01-13 00:00:00 +0000 UTC,2018-01-13 11:10:54
2018-01-21 20:12:11,ios,11519429,2018-01-21 00:00:00 +0000 UTC,2018-01-21 20:12:11
2018-01-28 14:40:50,ios,11519429,2018-01-28 00:00:00 +0000 UTC,2018-01-28 14:40:50
2018-02-04 14:34:41,ios,11519429,2018-02-04 00:00:00 +0000 UTC,2018-02-04 14:34:41
2018-02-07 20:19:11,ios,11519429,2018-02-07 00:00:00 +0000 UTC,2018-02-07 20:19:11
2018-02-08 21:55:47,ios,11519429,2018-02-08 00:00:00 +0000 UTC,2018-02-08 21:55:47
2018-02-18 14:33:46,ios,11519429,2018-02-18 00:00:00 +0000 UTC,2018-02-18 14:33:46
2018-02-26 09:38:40,ios,11519429,2018-02-26 00:00:00 +0000 UTC,2018-02-26 09:38:40
2018-02-27 16:20:42,ios,11519429,2018-02-27 00:00:00 +0000 UTC,2018-02-27 16:20:42
2018-03-01 11:24:09,ios,11519429,2018-03-01 00:00:00 +0000 UTC,2018-03-01 11:24:09
2018-03-03 14:19:37,ios,11519429,2018-03-03 00:00:00 +0000 UTC,2018-03-03 14:19:37
2018-03-08 14:38:54,ios,11519429,2018-03-08 00:00:00 +0000 UTC,2018-03-08 14:38:54
2018-03-10 12:43:29,ios,11519429,2018-03-10 00:00:00 +0000 UTC,2018-03-10 12:43:29
2018-03-17 17:43:50,ios,11519429,2018-03-17 00:00:00 +0000 UTC,2018-03-17 17:43:50
2018-03-20 13:31:03,ios,11519429,2018-03-20 00:00:00 +0000 UTC,2018-03-20 13:31:03
2018-04-09 20:49:34,ios,11519429,2018-04-09 00:00:00 +0000 UTC,2018-04-09 20:49:34
2018-04-13 12:43:42,ios,11519429,2018-04-13 00:00:00 +0000 UTC,2018-04-13 12:43:42
2018-04-16 19:11:15,ios,11519429,2018-04-16 00:00:00 +0000 UTC,2018-04-16 19:11:15
2018-04-19 22:12:27,ios,11519429,2018-04-19 00:00:00 +0000 UTC,2018-04-19 22:12:27
2018-04-20 11:41:01,ios,11519429,2018-04-20 00:00:00 +0000 UTC,2018-04-20 11:41:01
2018-04-21 22:28:39,ios,11519429,2018-04-21 00:00:00 +0000 UTC,2018-04-21 22:28:39
2018-04-22 19:07:59,ios,11519429,2018-04-22 00:00:00 +0000 UTC,2018-04-22 19:07:59
2018-04-24 06:09:11,ios,11519429,2018-04-24 00:00:00 +0000 UTC,2018-04-24 06:09:11
2018-04-29 10:26:10,ios,11519429,2018-04-29 00:00:00 +0000 UTC,2018-04-29 10:26:10
2018-05-01 22:00:37,ios,11519429,2018-05-01 00:00:00 +0000 UTC,2018-05-01 22:00:37
2018-05-04 17:23:54,ios,11519429,2018-05-04 00:00:00 +0000 UTC,2018-05-04 17:23:54
2018-05-05 12:16:20,ios,11519429,2018-05-05 00:00:00 +0000 UTC,2018-05-05 12:16:20
2018-05-08 21:08:33,ios,11519429,2018-05-08 00:00:00 +0000 UTC,2018-05-08 21:08:33
2018-05-15 21:21:23,ios,11519429,2018-05-15 00:00:00 +0000 UTC,2018-05-15 21:21:23
2018-05-20 19:13:17,ios,11519429,2018-05-20 00:00:00 +0000 UTC,2018-05-20 19:13:17
2018-05-22 19:12:07,ios,11519429,2018-05-22 00:00:00 +0000 UTC,2018-05-22 19:12:07
2018-05-30 15:44:23,ios,11519429,2018-05-30 00:00:00 +0000 UTC,2018-05-30 15:44:23
2018-06-02 12:21:37,ios,11519429,2018-06-02 00:00:00 +0000 UTC,2018-06-02 12:21:37
2018-07-02 20:55:40,ios,11519429,2018-07-02 00:00:00 +0000 UTC,2018-07-02 20:55:40
2018-07-07 11:56:35,ios,11519429,2018-07-07 00:00:00 +0000 UTC,2018-07-07 11:56:35
2018-07-08 21:47:41,ios,11519429,2018-07-08 00:00:00 +0000 UTC,2018-07-08 21:47:41
2018-07-16 15:27:09,ios,11519429,2018-07-16 00:00:00 +0000 UTC,2018-07-16 15:27:09
2018-07-24 22:10:55,ios,11519429,2018-07-24 00:00:00 +0000 UTC,2018-07-24 22:10:55
2018-07-27 19:53:56,ios,11519429,2018-07-27 00:00:00 +0000 UTC,2018-07-27 19:53:56
2018-07-29 21:27:02,ios,11519429,2018-07-29 00:00:00 +0000 UTC,2018-07-29 21:27:02
2018-08-04 17:28:15,ios,11519429,2018-08-04 00:00:00 +0000 UTC,2018-08-04 17:28:15
2018-08-17 15:24:04,ios,11519429,2018-08-17 00:00:00 +0000 UTC,2018-08-17 15:24:04
2018-08-18 10:23:56,ios,11519429,2018-08-18 00:00:00 +0000 UTC,2018-08-18 10:23:56
2018-08-30 19:02:45,ios,11519429,2018-08-30 00:00:00 +0000 UTC,2018-08-30 19:02:45
2018-09-09 11:48:20,ios,11519429,2018-09-09 00:00:00 +0000 UTC,2018-09-09 11:48:20
2018-09-12 21:46:18,ios,11519429,2018-09-12 00:00:00 +0000 UTC,2018-09-12 21:46:18
2018-09-16 21:53:51,ios,11519429,2018-09-16 00:00:00 +0000 UTC,2018-09-16 21:53:51
2018-09-21 21:40:48,ios,11519429,2018-09-21 00:00:00 +0000 UTC,2018-09-21 21:40:48
2018-09-23 21:48:05,ios,11519429,2018-09-23 00:00:00 +0000 UTC,2018-09-23 21:48:05
2018-09-25 21:49:18,ios,11519429,2018-09-25 00:00:00 +0000 UTC,2018-09-25 21:49:18
2018-09-27 21:49:42,ios,11519429,2018-09-27 00:00:00 +0000 UTC,2018-09-27 21:49:42
2018-10-06 18:00:19,ios,11519429,2018-10-06 00:00:00 +0000 UTC,2018-10-06 18:00:19
2018-10-07 18:21:04,ios,11519429,2018-10-07 00:00:00 +0000 UTC,2018-10-07 18:21:04
2018-10-08 21:05:11,ios,11519429,2018-10-08 00:00:00 +0000 UTC,2018-10-08 21:05:11
2018-10-11 22:02:03,ios,11519429,2018-10-11 00:00:00 +0000 UTC,2018-10-11 22:02:03
2018-10-16 18:42:35,ios,11519429,2018-10-16 00:00:00 +0000 UTC,2018-10-16 18:42:35
2018-10-18 17:23:13,ios,11519429,2018-10-18 00:00:00 +0000 UTC,2018-10-18 17:23:13
2018-10-28 12:55:48,ios,11519429,2018-10-28 00:00:00 +0000 UTC,2018-10-28 12:55:48
2018-10-30 07:31:58,ios,11519429,2018-10-30 00:00:00 +0000 UTC,2018-10-30 07:31:58
2018-10-31 20:17:47,ios,11519429,2018-10-31 00:00:00 +0000 UTC,2018-10-31 20:17:47
2018-11-05 22:30:48,ios,11519429,2018-11-05 00:00:00 +0000 UTC,2018-11-05 22:30:48
2018-11-08 22:47:45,ios,11519429,2018-11-08 00:00:00 +0000 UTC,2018-11-08 22:47:45
2018-11-10 13:00:18,ios,11519429,2018-11-10 00:00:00 +0000 UTC,2018-11-10 13:00:18
2018-11-12 21:48:31,ios,11519429,2018-11-12 00:00:00 +0000 UTC,2018-11-12 21:48:31
2018-11-19 21:23:16,ios,11519429,2018-11-19 00:00:00 +0000 UTC,2018-11-19 21:23:16
2018-11-21 21:51:29,ios,11519429,2018-11-21 00:00:00 +0000 UTC,2018-11-21 21:51:29
2018-11-21 21:51:30,web,11519429,2018-11-21 00:00:00 +0000 UTC,2018-11-21 21:51:30
2018-11-25 23:01:06,ios,11519429,2018-11-25 00:00:00 +0000 UTC,2018-11-25 23:01:06
2018-12-02 12:48:54,ios,11519429,2018-12-02 00:00:00 +0000 UTC,2018-12-02 12:48:54
2018-12-05 23:03:03,ios,11519429,2018-12-05 00:00:00 +0000 UTC,2018-12-05 23:03:03
2018-12-05 23:03:04,web,11519429,2018-12-05 00:00:00 +0000 UTC,2018-12-05 23:03:04
2018-12-17 23:23:13,ios,11519429,2018-12-17 00:00:00 +0000 UTC,2018-12-17 23:23:13
2018-12-24 08:12:26,ios,11519429,2018-12-24 00:00:00 +0000 UTC,2018-12-24 08:12:26
2018-12-26 23:19:53,ios,11519429,2018-12-26 00:00:00 +0000 UTC,2018-12-26 23:19:53
2018-12-30 10:11:13,ios,11519429,2018-12-30 00:00:00 +0000 UTC,2018-12-30 10:11:13
2019-01-01 22:11:03,ios,11519429,2019-01-01 00:00:00 +0000 UTC,2019-01-01 22:11:03
2019-01-03 00:08:13,ios,11519429,2019-01-03 00:00:00 +0000 UTC,2019-01-03 00:08:13
2019-01-11 10:23:06,ios,11519429,2019-01-11 00:00:00 +0000 UTC,2019-01-11 10:23:06
2019-01-12 12:48:19,ios,11519429,2019-01-12 00:00:00 +0000 UTC,2019-01-12 12:48:19
2019-01-13 20:44:18,ios,11519429,2019-01-13 00:00:00 +0000 UTC,2019-01-13 20:44:18
2019-01-15 16:03:07,ios,11519429,2019-01-15 00:00:00 +0000 UTC,2019-01-15 16:03:07
2019-01-16 21:16:15,ios,11519429,2019-01-16 00:00:00 +0000 UTC,2019-01-16 21:16:15
2019-01-17 13:33:34,ios,11519429,2019-01-17 00:00:00 +0000 UTC,2019-01-17 13:33:34
2019-01-19 18:39:05,ios,11519429,2019-01-19 00:00:00 +0000 UTC,2019-01-19 18:39:05
2019-01-20 22:36:57,ios,11519429,2019-01-20 00:00:00 +0000 UTC,2019-01-20 22:36:57
2019-01-22 22:45:31,ios,11519429,2019-01-22 00:00:00 +0000 UTC,2019-01-22 22:45:31
2019-01-24 18:13:23,ios,11519429,2019-01-24 00:00:00 +0000 UTC,2019-01-24 18:13:23
2019-02-02 12:03:24,ios,11519429,2019-02-02 00:00:00 +0000 UTC,2019-02-02 12:03:24
2019-02-05 23:05:36,ios,11519429,2019-02-05 00:00:00 +0000 UTC,2019-02-05 23:05:36
2019-02-17 19:35:49,ios,11519429,2019-02-17 00:00:00 +0000 UTC,2019-02-17 19:35:49
2019-02-18 19:26:13,ios,11519429,2019-02-18 00:00:00 +0000 UTC,2019-02-18 19:26:13
2019-02-25 08:19:35,ios,11519429,2019-02-25 00:00:00 +0000 UTC,2019-02-25 08:19:35
2019-02-26 21:24:14,ios,11519429,2019-02-26 00:00:00 +0000 UTC,2019-02-26 21:24:14
2019-03-03 22:32:10,ios,11519429,2019-03-03 00:00:00 +0000 UTC,2019-03-03 22:32:10
2019-03-07 22:12:46,ios,11519429,2019-03-07 00:00:00 +0000 UTC,2019-03-07 22:12:46
2019-03-07 22:12:47,web,11519429,2019-03-07 00:00:00 +0000 UTC,2019-03-07 22:12:47
2019-03-09 12:20:45,ios,11519429,2019-03-09 00:00:00 +0000 UTC,2019-03-09 12:20:45
2019-03-15 20:57:34,ios,11519429,2019-03-15 00:00:00 +0000 UTC,2019-03-15 20:57:34
2019-03-17 12:21:20,ios,11519429,2019-03-17 00:00:00 +0000 UTC,2019-03-17 12:21:20
2019-03-18 13:02:18,ios,11519429,2019-03-18 00:00:00 +0000 UTC,2019-03-18 13:02:18
2019-03-19 21:44:39,ios,11519429,2019-03-19 00:00:00 +0000 UTC,2019-03-19 21:44:39
2019-03-21 23:16:11,ios,11519429,2019-03-21 00:00:00 +0000 UTC,2019-03-21 23:16:11
2019-03-23 21:43:47,ios,11519429,2019-03-23 00:00:00 +0000 UTC,2019-03-23 21:43:47
2019-03-24 19:47:11,ios,11519429,2019-03-24 00:00:00 +0000 UTC,2019-03-24 19:47:11
2019-03-29 13:50:57,ios,11519429,2019-03-29 00:00:00 +0000 UTC,2019-03-29 13:50:57
2019-03-29 13:50:59,web,11519429,2019-03-29 00:00:00 +0000 UTC,2019-03-29 13:50:59
2019-03-31 18:48:59,ios,11519429,2019-03-31 00:00:00 +0000 UTC,2019-03-31 18:48:59
2019-04-04 21:18:18,ios,11519429,2019-04-04 00:00:00 +0000 UTC,2019-04-04 21:18:18
2019-05-05 11:23:58,ios,11519429,2019-05-05 00:00:00 +0000 UTC,2019-05-05 11:23:58
2019-05-16 21:01:57,ios,11519429,2019-05-16 00:00:00 +0000 UTC,2019-05-16 21:01:57
2019-05-20 21:26:27,ios,11519429,2019-05-20 00:00:00 +0000 UTC,2019-05-20 21:26:27
2019-05-28 20:20:07,ios,11519429,2019-05-28 00:00:00 +0000 UTC,2019-05-28 20:20:07
2019-06-03 21:25:12,ios,11519429,2019-06-03 00:00:00 +0000 UTC,2019-06-03 21:25:12
2019-06-05 17:29:34,ios,11519429,2019-06-05 00:00:00 +0000 UTC,2019-06-05 17:29:34
2019-06-07 12:03:21,ios,11519429,2019-06-07 00:00:00 +0000 UTC,2019-06-07 12:03:21
2019-06-11 21:34:56,ios,11519429,2019-06-11 00:00:00 +0000 UTC,2019-06-11 21:34:56
2019-06-16 18:34:31,ios,11519429,2019-06-16 00:00:00 +0000 UTC,2019-06-16 18:34:31
2019-06-22 21:58:18,ios,11519429,2019-06-22 00:00:00 +0000 UTC,2019-06-22 21:58:18
2019-06-29 12:29:55,ios,11519429,2019-06-29 00:00:00 +0000 UTC,2019-06-29 12:29:55
2019-07-08 07:43:13,ios,11519429,2019-07-08 00:00:00 +0000 UTC,2019-07-08 07:43:13
2019-07-10 21:07:57,ios,11519429,2019-07-10 00:00:00 +0000 UTC,2019-07-10 21:07:57
2019-07-13 17:37:23,ios,11519429,2019-07-13 00:00:00 +0000 UTC,2019-07-13 17:37:23
2019-07-15 22:04:41,ios,11519429,2019-07-15 00:00:00 +0000 UTC,2019-07-15 22:04:41
2019-07-23 18:37:08,ios,11519429,2019-07-23 00:00:00 +0000 UTC,2019-07-23 18:37:08
2019-07-30 17:09:36,ios,11519429,2019-07-30 00:00:00 +0000 UTC,2019-07-30 17:09:36
2019-08-06 22:00:59,ios,11519429,2019-08-06 00:00:00 +0000 UTC,2019-08-06 22:00:59
2019-08-19 20:26:35,ios,11519429,2019-08-19 00:00:00 +0000 UTC,2019-08-19 20:26:35
2019-09-02 20:54:29,ios,11519429,2019-09-02 00:00:00 +0000 UTC,2019-09-02 20:54:29
2019-09-03 21:34:56,ios,11519429,2019-09-03 00:00:00 +0000 UTC,2019-09-03 21:34:56
2019-09-04 08:45:23,ios,11519429,2019-09-04 00:00:00 +0000 UTC,2019-09-04 08:45:23
2019-09-05 21:16:55,ios,11519429,2019-09-05 00:00:00 +0000 UTC,2019-09-05 21:16:55
2019-09-07 22:21:39,ios,11519429,2019-09-07 00:00:00 +0000 UTC,2019-09-07 22:21:39
2019-09-08 16:26:23,ios,11519429,2019-09-08 00:00:00 +0000 UTC,2019-09-08 16:26:23
2019-09-09 19:52:45,ios,11519429,2019-09-09 00:00:00 +0000 UTC,2019-09-09 19:52:45
2019-09-15 21:41:44,ios,11519429,2019-09-15 00:00:00 +0000 UTC,2019-09-15 21:41:44
2019-09-17 21:46:02,ios,11519429,2019-09-17 00:00:00 +0000 UTC,2019-09-17 21:46:02
2019-09-21 09:26:24,ios,11519429,2019-09-21 00:00:00 +0000 UTC,2019-09-21 09:26:24
2019-09-22 18:00:06,ios,11519429,2019-09-22 00:00:00 +0000 UTC,2019-09-22 18:00:06
2019-09-29 17:28:27,ios,11519429,2019-09-29 00:00:00 +0000 UTC,2019-09-29 17:28:27
2019-10-01 06:24:59,ios,11519429,2019-10-01 00:00:00 +0000 UTC,2019-10-01 06:24:59
2019-10-02 18:56:22,ios,11519429,2019-10-02 00:00:00 +0000 UTC,2019-10-02 18:56:22
2019-10-06 12:32:24,ios,11519429,2019-10-06 00:00:00 +0000 UTC,2019-10-06 12:32:24
2019-10-10 21:17:47,ios,11519429,2019-10-10 00:00:00 +0000 UTC,2019-10-10 21:17:47
2019-10-13 12:38:39,ios,11519429,2019-10-13 00:00:00 +0000 UTC,2019-10-13 12:38:39
2019-10-14 08:07:00,ios,11519429,2019-10-14 00:00:00 +0000 UTC,2019-10-14 08:07:00
2019-10-16 20:27:21,ios,11519429,2019-10-16 00:00:00 +0000 UTC,2019-10-16 20:27:21
2019-10-19 21:43:24,ios,11519429,2019-10-19 00:00:00 +0000 UTC,2019-10-19 21:43:24
2019-10-20 21:28:04,ios,11519429,2019-10-20 00:00:00 +0000 UTC,2019-10-20 21:28:04
2019-10-21 19:45:05,ios,11519429,2019-10-21 00:00:00 +0000 UTC,2019-10-21 19:45:05
2019-11-01 12:27:26,ios,11519429,2019-11-01 00:00:00 +0000 UTC,2019-11-01 12:27:26
2019-11-03 18:54:45,ios,11519429,2019-11-03 00:00:00 +0000 UTC,2019-11-03 18:54:45
2019-11-21 23:31:46,ios,11519429,2019-11-21 00:00:00 +0000 UTC,2019-11-21 23:31:46
2019-11-24 13:03:08,ios,11519429,2019-11-24 00:00:00 +0000 UTC,2019-11-24 13:03:08
2019-11-27 14:16:14,ios,11519429,2019-11-27 00:00:00 +0000 UTC,2019-11-27 14:16:14
2019-12-22 12:49:57,ios,11519429,2019-12-22 00:00:00 +0000 UTC,2019-12-22 12:49:57
2020-01-06 22:25:26,ios,11519429,2020-01-06 00:00:00 +0000 UTC,2020-01-06 22:25:26
2020-01-12 19:48:18,ios,11519429,2020-01-12 00:00:00 +0000 UTC,2020-01-12 19:48:18
2020-01-15 19:54:25,ios,11519429,2020-01-15 00:00:00 +0000 UTC,2020-01-15 19:54:25
2020-01-19 12:27:18,ios,11519429,2020-01-19 00:00:00 +0000 UTC,2020-01-19 12:27:18
2020-02-07 11:06:48,ios,11519429,2020-02-07 00:00:00 +0000 UTC,2020-02-07 11:06:48
2020-02-14 20:24:47,ios,11519429,2020-02-14 00:00:00 +0000 UTC,2020-02-14 20:24:47
2020-02-23 21:59:59,ios,11519429,2020-02-23 00:00:00 +0000 UTC,2020-02-23 21:59:59
2020-02-28 12:46:45,ios,11519429,2020-02-28 00:00:00 +0000 UTC,2020-02-28 12:46:45
2020-03-03 20:37:24,ios,11519429,2020-03-03 00:00:00 +0000 UTC,2020-03-03 20:37:24
2020-03-10 21:12:14,ios,11519429,2020-03-10 00:00:00 +0000 UTC,2020-03-10 21:12:14
2020-03-13 19:35:21,ios,11519429,2020-03-13 00:00:00 +0000 UTC,2020-03-13 19:35:21
2020-03-22 13:24:00,ios,11519429,2020-03-22 00:00:00 +0000 UTC,2020-03-22 13:24:00
2020-03-24 21:59:38,ios,11519429,2020-03-24 00:00:00 +0000 UTC,2020-03-24 21:59:38
2020-03-27 12:29:18,ios,11519429,2020-03-27 00:00:00 +0000 UTC,2020-03-27 12:29:18
2020-04-02 11:19:32,ios,11519429,2020-04-02 00:00:00 +0000 UTC,2020-04-02 11:19:32
2020-04-17 11:17:55,ios,11519429,2020-04-17 00:00:00 +0000 UTC,2020-04-17 11:17:55
2020-04-21 10:55:16,ios,11519429,2020-04-21 00:00:00 +0000 UTC,2020-04-21 10:55:16
2020-04-24 07:44:49,ios,11519429,2020-04-24 00:00:00 +0000 UTC,2020-04-24 07:44:49
2020-04-26 11:58:04,ios,11519429,2020-04-26 00:00:00 +0000 UTC,2020-04-26 11:58:04
2020-05-03 11:33:11,ios,11519429,2020-05-03 00:00:00 +0000 UTC,2020-05-03 11:33:11
2020-05-06 22:14:33,ios,11519429,2020-05-06 00:00:00 +0000 UTC,2020-05-06 22:14:33
2020-05-09 22:12:33,ios,11519429,2020-05-09 00:00:00 +0000 UTC,2020-05-09 22:12:33
2020-05-11 11:46:35,ios,11519429,2020-05-11 00:00:00 +0000 UTC,2020-05-11 11:46:35
2020-05-16 20:21:08,ios,11519429,2020-05-16 00:00:00 +0000 UTC,2020-05-16 20:21:08
2020-05-17 22:06:23,ios,11519429,2020-05-17 00:00:00 +0000 UTC,2020-05-17 22:06:23
2020-05-18 21:20:43,ios,11519429,2020-05-18 00:00:00 +0000 UTC,2020-05-18 21:20:43
2020-05-20 22:08:34,ios,11519429,2020-05-20 00:00:00 +0000 UTC,2020-05-20 22:08:34
2020-05-22 21:57:05,ios,11519429,2020-05-22 00:00:00 +0000 UTC,2020-05-22 21:57:05
2020-05-25 06:10:00,ios,11519429,2020-05-25 00:00:00 +0000 UTC,2020-05-25 06:10:00
2020-05-27 21:44:30,ios,11519429,2020-05-27 00:00:00 +0000 UTC,2020-05-27 21:44:30
2020-05-28 21:47:28,ios,11519429,2020-05-28 00:00:00 +0000 UTC,2020-05-28 21:47:28
2020-06-01 11:53:44,ios,11519429,2020-06-01 00:00:00 +0000 UTC,2020-06-01 11:53:44
2020-06-03 20:59:45,ios,11519429,2020-06-03 00:00:00 +0000 UTC,2020-06-03 20:59:45
2020-06-05 22:05:55,ios,11519429,2020-06-05 00:00:00 +0000 UTC,2020-06-05 22:05:55
2020-06-10 21:22:02,ios,11519429,2020-06-10 00:00:00 +0000 UTC,2020-06-10 21:22:02
2020-06-16 20:58:21,ios,11519429,2020-06-16 00:00:00 +0000 UTC,2020-06-16 20:58:21
2020-06-18 19:53:56,ios,11519429,2020-06-18 00:00:00 +0000 UTC,2020-06-18 19:53:56
2020-06-22 21:11:58,ios,11519429,2020-06-22 00:00:00 +0000 UTC,2020-06-22 21:11:58
2020-07-02 17:59:36,ios,11519429,2020-07-02 00:00:00 +0000 UTC,2020-07-02 17:59:36
2020-07-07 18:45:43,ios,11519429,2020-07-07 00:00:00 +0000 UTC,2020-07-07 18:45:43
2020-07-27 12:14:08,ios,11519429,2020-07-27 00:00:00 +0000 UTC,2020-07-27 12:14:08
2020-08-15 21:11:09,ios,11519429,2020-08-15 00:00:00 +0000 UTC,2020-08-15 21:11:09
2020-08-25 05:13:12,ios,11519429,2020-08-25 00:00:00 +0000 UTC,2020-08-25 05:13:12
2020-09-05 11:38:25,ios,11519429,2020-09-05 00:00:00 +0000 UTC,2020-09-05 11:38:25
2020-09-09 18:10:49,ios,11519429,2020-09-09 00:00:00 +0000 UTC,2020-09-09 18:10:49
2020-10-31 22:48:37,ios,11519429,2020-10-31 00:00:00 +0000 UTC,2020-10-31 22:48:37
2020-11-07 08:07:42,ios,11519429,2020-11-07 00:00:00 +0000 UTC,2020-11-07 08:07:42
2020-11-08 21:23:33,ios,11519429,2020-11-08 00:00:00 +0000 UTC,2020-11-08 21:23:33
2020-11-14 13:08:52,ios,11519429,2020-11-14 00:00:00 +0000 UTC,2020-11-14 13:08:52
2020-11-15 12:58:40,ios,11519429,2020-11-15 00:00:00 +0000 UTC,2020-11-15 12:58:40
2020-11-17 06:27:37,ios,11519429,2020-11-17 00:00:00 +0000 UTC,2020-11-17 06:27:37
2020-11-18 16:10:32,ios,11519429,2020-11-18 00:00:00 +0000 UTC,2020-11-18 16:10:32
2020-11-20 19:20:20,ios,11519429,2020-11-20 00:00:00 +0000 UTC,2020-11-20 19:20:20
2020-11-22 21:18:53,ios,11519429,2020-11-22 00:00:00 +0000 UTC,2020-11-22 21:18:53
2020-11-23 18:35:21,ios,11519429,2020-11-23 00:00:00 +0000 UTC,2020-11-23 18:35:21
2020-11-25 17:31:01,ios,11519429,2020-11-25 00:00:00 +0000 UTC,2020-11-25 17:31:01
2020-12-06 21:24:54,ios,11519429,2020-12-06 00:00:00 +0000 UTC,2020-12-06 21:24:54
2020-12-13 17:43:35,ios,11519429,2020-12-13 00:00:00 +0000 UTC,2020-12-13 17:43:35
2020-12-19 21:31:36,ios,11519429,2020-12-19 00:00:00 +0000 UTC,2020-12-19 21:31:36
2020-12-21 22:45:39,ios,11519429,2020-12-21 00:00:00 +0000 UTC,2020-12-21 22:45:39
2020-12-31 08:53:29,ios,11519429,2020-12-31 00:00:00 +0000 UTC,2020-12-31 08:53:29
2021-01-14 19:04:43,ios,11519429,2021-01-14 00:00:00 +0000 UTC,2021-01-14 19:04:43
2021-01-25 15:22:04,ios,11519429,2021-01-25 00:00:00 +0000 UTC,2021-01-25 15:22:04
2021-01-26 16:29:27,ios,11519429,2021-01-26 00:00:00 +0000 UTC,2021-01-26 16:29:27
2021-01-27 10:29:52,ios,11519429,2021-01-27 00:00:00 +0000 UTC,2021-01-27 10:29:52
2021-02-02 21:19:17,ios,11519429,2021-02-02 00:00:00 +0000 UTC,2021-02-02 21:19:17
2021-02-14 21:22:40,ios,11519429,2021-02-14 00:00:00 +0000 UTC,2021-02-14 21:22:40
2021-02-17 09:58:58,ios,11519429,2021-02-17 00:00:00 +0000 UTC,2021-02-17 09:58:58
2021-02-18 21:19:00,ios,11519429,2021-02-18 00:00:00 +0000 UTC,2021-02-18 21:19:00
2021-02-24 06:57:05,ios,11519429,2021-02-24 00:00:00 +0000 UTC,2021-02-24 06:57:05
2021-03-11 14:57:55,ios,11519429,2021-03-11 00:00:00 +0000 UTC,2021-03-11 14:57:55
2021-03-12 22:54:30,ios,11519429,2021-03-12 00:00:00 +0000 UTC,2021-03-12 22:54:30
2021-03-23 22:04:27,ios,11519429,2021-03-23 00:00:00 +0000 UTC,2021-03-23 22:04:27
2021-04-03 22:08:22,ios,11519429,2021-04-03 00:00:00 +0000 UTC,2021-04-03 22:08:22
2021-04-04 13:31:39,ios,11519429,2021-04-04 00:00:00 +0000 UTC,2021-04-04 13:31:39
2021-04-22 21:18:02,ios,11519429,2021-04-22 00:00:00 +0000 UTC,2021-04-22 21:18:02
2021-05-18 18:00:24,ios,11519429,2021-05-18 00:00:00 +0000 UTC,2021-05-18 18:00:24
2021-05-25 13:54:46,ios,11519429,2021-05-25 00:00:00 +0000 UTC,2021-05-25 13:54:46
2021-05-31 13:17:24,ios,11519429,2021-05-31 00:00:00 +0000 UTC,2021-05-31 13:17:24
2021-06-01 15:58:41,ios,11519429,2021-06-01 00:00:00 +0000 UTC,2021-06-01 15:58:41
2021-06-12 11:20:33,ios,11519429,2021-06-12 00:00:00 +0000 UTC,2021-06-12 11:20:33
2021-06-25 07:34:54,ios,11519429,2021-06-25 00:00:00 +0000 UTC,2021-06-25 07:34:54
2021-07-01 17:53:10,ios,11519429,2021-07-01 00:00:00 +0000 UTC,2021-07-01 17:53:10
2021-07-04 11:25:03,ios,11519429,2021-07-04 00:00:00 +0000 UTC,2021-07-04 11:25:03
2021-08-16 11:36:04,ios,11519429,2021-08-16 00:00:00 +0000 UTC,2021-08-16 11:36:04
2021-08-24 16:43:38,ios,11519429,2021-08-24 00:00:00 +0000 UTC,2021-08-24 16:43:38
2021-08-26 19:47:30,ios,11519429,2021-08-26 00:00:00 +0000 UTC,2021-08-26 19:47:30
2021-10-23 20:11:44,ios,11519429,2021-10-23 00:00:00 +0000 UTC,2021-10-23 20:11:44
2021-11-06 12:24:48,ios,11519429,2021-11-06 00:00:00 +0000 UTC,2021-11-06 12:24:48
2021-11-17 21:16:32,ios,11519429,2021-11-17 00:00:00 +0000 UTC,2021-11-17 21:16:32
2021-12-09 22:39:51,ios,11519429,2021-12-09 00:00:00 +0000 UTC,2021-12-09 22:39:51
2021-12-12 21:04:11,ios,11519429,2021-12-12 00:00:00 +0000 UTC,2021-12-12 21:04:11
2021-12-16 12:13:21,ios,11519429,2021-12-16 00:00:00 +0000 UTC,2021-12-16 12:13:21
2021-12-28 17:33:09,ios,11519429,2021-12-28 00:00:00 +0000 UTC,2021-12-28 17:33:09
2021-12-29 20:43:56,ios,11519429,2021-12-29 00:00:00 +0000 UTC,2021-12-29 20:43:56
2021-12-31 12:34:50,ios,11519429,2021-12-31 00:00:00 +0000 UTC,2021-12-31 12:34:50
2022-01-02 23:10:52,ios,11519429,2022-01-02 00:00:00 +0000 UTC,2022-01-02 23:10:52
2022-01-03 12:31:19,ios,11519429,2022-01-03 00:00:00 +0000 UTC,2022-01-03 12:31:19
2022-01-04 22:42:53,ios,11519429,2022-01-04 00:00:00 +0000 UTC,2022-01-04 22:42:53
2022-01-05 15:01:37,ios,11519429,2022-01-05 00:00:00 +0000 UTC,2022-01-05 15:01:37
2022-01-06 12:09:30,ios,11519429,2022-01-06 00:00:00 +0000 UTC,2022-01-06 12:09:30
2022-01-16 13:09:59,ios,11519429,2022-01-16 00:00:00 +0000 UTC,2022-01-16 13:09:59
2022-01-29 18:35:19,ios,11519429,2022-01-29 00:00:00 +0000 UTC,2022-01-29 18:35:19
2022-01-30 08:16:04,ios,11519429,2022-01-30 00:00:00 +0000 UTC,2022-01-30 08:16:04
2022-02-14 22:07:43,ios,11519429,2022-02-14 00:00:00 +0000 UTC,2022-02-14 22:07:43
2022-02-18 23:00:57,ios,11519429,2022-02-18 00:00:00 +0000 UTC,2022-02-18 23:00:57
2022-02-20 21:40:01,ios,11519429,2022-02-20 00:00:00 +0000 UTC,2022-02-20 21:40:01
2022-02-22 06:39:05,ios,11519429,2022-02-22 00:00:00 +0000 UTC,2022-02-22 06:39:05
2022-03-14 22:41:54,ios,11519429,2022-03-14 00:00:00 +0000 UTC,2022-03-14 22:41:54
2022-03-25 22:32:03,ios,11519429,2022-03-25 00:00:00 +0000 UTC,2022-03-25 22:32:03
2022-04-06 11:02:11,ios,11519429,2022-04-06 00:00:00 +0000 UTC,2022-04-06 11:02:11
2022-04-09 09:27:48,ios,11519429,2022-04-09 00:00:00 +0000 UTC,2022-04-09 09:27:48
2022-04-10 21:11:22,ios,11519429,2022-04-10 00:00:00 +0000 UTC,2022-04-10 21:11:22
2022-04-12 16:02:09,ios,11519429,2022-04-12 00:00:00 +0000 UTC,2022-04-12 16:02:09
2022-04-15 11:52:50,ios,11519429,2022-04-15 00:00:00 +0000 UTC,2022-04-15 11:52:50
2022-04-23 10:18:14,ios,11519429,2022-04-23 00:00:00 +0000 UTC,2022-04-23 10:18:14
2022-04-26 08:36:44,ios,11519429,2022-04-26 00:00:00 +0000 UTC,2022-04-26 08:36:44
2022-05-05 14:54:18,ios,11519429,2022-05-05 00:00:00 +0000 UTC,2022-05-05 14:54:18
2022-05-20 12:12:44,ios,11519429,2022-05-20 00:00:00 +0000 UTC,2022-05-20 12:12:44
2022-06-20 12:33:56,ios,11519429,2022-06-20 00:00:00 +0000 UTC,2022-06-20 12:33:56
2022-06-24 18:43:53,ios,11519429,2022-06-24 00:00:00 +0000 UTC,2022-06-24 18:43:53
2022-06-26 11:51:07,ios,11519429,2022-06-26 00:00:00 +0000 UTC,2022-06-26 11:51:07
2022-06-28 20:01:51,ios,11519429,2022-06-28 00:00:00 +0000 UTC,2022-06-28 20:01:51
2022-07-03 20:57:32,ios,11519429,2022-07-03 00:00:00 +0000 UTC,2022-07-03 20:57:32
2022-07-06 18:30:29,ios,11519429,2022-07-06 00:00:00 +0000 UTC,2022-07-06 18:30:29
2022-07-09 19:53:28,ios,11519429,2022-07-09 00:00:00 +0000 UTC,2022-07-09 19:53:28
2022-08-01 18:21:33,ios,11519429,2022-08-01 00:00:00 +0000 UTC,2022-08-01 18:21:33
2022-08-02 16:31:01,ios,11519429,2022-08-02 00:00:00 +0000 UTC,2022-08-02 16:31:01
2022-08-03 11:56:36,ios,11519429,2022-08-03 00:00:00 +0000 UTC,2022-08-03 11:56:36
2022-08-17 13:22:51,ios,11519429,2022-08-17 00:00:00 +0000 UTC,2022-08-17 13:22:51
2022-08-24 17:36:39,ios,11519429,2022-08-24 00:00:00 +0000 UTC,2022-08-24 17:36:39
2022-09-01 20:19:36,ios,11519429,2022-09-01 00:00:00 +0000 UTC,2022-09-01 20:19:36
2022-09-03 11:20:18,ios,11519429,2022-09-03 00:00:00 +0000 UTC,2022-09-03 11:20:18
2022-09-20 11:33:23,ios,11519429,2022-09-20 00:00:00 +0000 UTC,2022-09-20 11:33:23
2022-09-22 19:39:14,ios,11519429,2022-09-22 00:00:00 +0000 UTC,2022-09-22 19:39:14
2022-09-24 12:31:32,ios,11519429,2022-09-24 00:00:00 +0000 UTC,2022-09-24 12:31:32
2022-10-24 12:34:30,ios,11519429,2022-10-24 00:00:00 +0000 UTC,2022-10-24 12:34:30
2022-10-25 19:29:29,ios,11519429,2022-10-25 00:00:00 +0000 UTC,2022-10-25 19:29:29
2022-11-02 16:34:39,ios,11519429,2022-11-02 00:00:00 +0000 UTC,2022-11-02 16:34:39
2022-11-03 22:48:10,ios,11519429,2022-11-03 00:00:00 +0000 UTC,2022-11-03 22:48:10
2022-11-25 22:07:23,ios,11519429,2022-11-25 00:00:00 +0000 UTC,2022-11-25 22:07:23
2022-12-04 12:39:38,ios,11519429,2022-12-04 00:00:00 +0000 UTC,2022-12-04 12:39:38
2022-12-17 13:00:13,ios,11519429,2022-12-17 00:00:00 +0000 UTC,2022-12-17 13:00:13
2022-12-20 12:55:10,ios,11519429,2022-12-20 00:00:00 +0000 UTC,2022-12-20 12:55:10
2022-12-21 13:27:06,ios,11519429,2022-12-21 00:00:00 +0000 UTC,2022-12-21 13:27:06
2023-01-03 17:26:10,ios,11519429,2023-01-03 00:00:00 +0000 UTC,2023-01-03 17:26:10
2023-01-06 13:41:04,ios,11519429,2023-01-06 00:00:00 +0000 UTC,2023-01-06 13:41:04
2023-01-17 21:08:44,ios,11519429,2023-01-17 00:00:00 +0000 UTC,2023-01-17 21:08:44
2023-02-09 18:38:05,ios,11519429,2023-02-09 00:00:00 +0000 UTC,2023-02-09 18:38:05
2023-02-12 13:19:45,ios,11519429,2023-02-12 00:00:00 +0000 UTC,2023-02-12 13:19:45
2023-02-17 19:21:08,ios,11519429,2023-02-17 00:00:00 +0000 UTC,2023-02-17 19:21:08
2023-02-21 06:54:12,ios,11519429,2023-02-21 00:00:00 +0000 UTC,2023-02-21 06:54:12
2023-03-04 12:41:26,ios,11519429,2023-03-04 00:00:00 +0000 UTC,2023-03-04 12:41:26
2023-03-15 13:02:24,ios,11519429,2023-03-15 00:00:00 +0000 UTC,2023-03-15 13:02:24
2023-03-26 21:12:36,ios,11519429,2023-03-26 00:00:00 +0000 UTC,2023-03-26 21:12:36
2023-03-30 12:06:21,ios,11519429,2023-03-30 00:00:00 +0000 UTC,2023-03-30 12:06:21
2023-04-06 14:36:22,ios,11519429,2023-04-06 00:00:00 +0000 UTC,2023-04-06 14:36:22
2023-04-26 14:42:06,ios,11519429,2023-04-26 00:00:00 +0000 UTC,2023-04-26 14:42:06
2023-05-13 16:35:08,ios,11519429,2023-05-13 00:00:00 +0000 UTC,2023-05-13 16:35:08
2023-05-17 15:51:36,ios,11519429,2023-05-17 00:00:00 +0000 UTC,2023-05-17 15:51:36
2023-05-23 14:23:29,ios,11519429,2023-05-23 00:00:00 +0000 UTC,2023-05-23 14:23:29
2023-05-25 14:46:53,ios,11519429,2023-05-25 00:00:00 +0000 UTC,2023-05-25 14:46:53
2023-06-03 17:00:32,ios,11519429,2023-06-03 00:00:00 +0000 UTC,2023-06-03 17:00:32
2023-06-05 20:20:02,ios,11519429,2023-06-05 00:00:00 +0000 UTC,2023-06-05 20:20:02
2023-06-07 16:38:41,ios,11519429,2023-06-07 00:00:00 +0000 UTC,2023-06-07 16:38:41
2023-06-11 21:19:56,ios,11519429,2023-06-11 00:00:00 +0000 UTC,2023-06-11 21:19:56
2023-06-19 21:42:06,ios,11519429,2023-06-19 00:00:00 +0000 UTC,2023-06-19 21:42:06
2023-06-20 15:18:51,,11519429,2023-06-20 00:00:00 +0000 UTC,2023-06-20 15:18:51
2023-07-07 22:04:36,,11519429,2023-07-07 00:00:00 +0000 UTC,2023-07-07 22:04:36
2023-07-09 15:13:26,,11519429,2023-07-09 00:00:00 +0000 UTC,2023-07-09 15:13:26
2023-07-17 18:18:29,,11519429,2023-07-17 00:00:00 +0000 UTC,2023-07-17 18:18:29
2023-08-19 21:40:30,,11519429,2023-08-19 00:00:00 +0000 UTC,2023-08-19 21:40:30
2023-08-24 13:32:11,,11519429,2023-08-24 00:00:00 +0000 UTC,2023-08-24 13:32:11
2023-09-06 11:41:37,,11519429,2023-09-06 00:00:00 +0000 UTC,2023-09-06 11:41:37
2023-09-24 21:17:07,,11519429,2023-09-24 00:00:00 +0000 UTC,2023-09-24 21:17:07
2023-11-12 13:26:17,,11519429,2023-11-12 00:00:00 +0000 UTC,2023-11-12 13:26:17
2023-11-20 13:36:49,,11519429,2023-11-20 00:00:00 +0000 UTC,2023-11-20 13:36:49
2023-11-24 23:18:26,,11519429,2023-11-24 00:00:00 +0000 UTC,2023-11-24 23:18:26
2023-11-27 13:07:48,,11519429,2023-11-27 00:00:00 +0000 UTC,2023-11-27 13:07:48
2023-12-08 20:24:34,,11519429,2023-12-08 00:00:00 +0000 UTC,2023-12-08 20:24:34
2023-12-09 21:00:53,,11519429,2023-12-09 00:00:00 +0000 UTC,2023-12-09 21:00:53
2023-12-19 13:05:58,,11519429,2023-12-19 00:00:00 +0000 UTC,2023-12-19 13:05:58
2023-12-21 06:29:45,,11519429,2023-12-21 00:00:00 +0000 UTC,2023-12-21 06:29:45
2023-12-26 14:28:43,,11519429,2023-12-26 00:00:00 +0000 UTC,2023-12-26 14:28:43
2023-12-31 14:32:00,,11519429,2023-12-31 00:00:00 +0000 UTC,2023-12-31 14:32:00
2024-01-03 22:32:20,,11519429,2024-01-03 00:00:00 +0000 UTC,2024-01-03 22:32:20
2024-01-05 19:55:19,,11519429,2024-01-05 00:00:00 +0000 UTC,2024-01-05 19:55:19
2024-01-19 22:45:13,,11519429,2024-01-19 00:00:00 +0000 UTC,2024-01-19 22:45:13
2024-01-22 22:30:54,,11519429,2024-01-22 00:00:00 +0000 UTC,2024-01-22 22:30:54
2024-01-26 13:23:21,,11519429,2024-01-26 00:00:00 +0000 UTC,2024-01-26 13:23:21
2024-02-01 20:15:48,,11519429,2024-02-01 00:00:00 +0000 UTC,2024-02-01 20:15:48
2024-02-03 19:28:24,,11519429,2024-02-03 00:00:00 +0000 UTC,2024-02-03 19:28:24
2024-02-05 20:33:43,,11519429,2024-02-05 00:00:00 +0000 UTC,2024-02-05 20:33:43
2024-03-13 13:40:37,,11519429,2024-03-13 00:00:00 +0000 UTC,2024-03-13 13:40:37
2024-03-14 22:18:54,,11519429,2024-03-14 00:00:00 +0000 UTC,2024-03-14 22:18:54
2024-03-23 20:25:16,,11519429,2024-03-23 00:00:00 +0000 UTC,2024-03-23 20:25:16
2024-03-24 22:09:05,,11519429,2024-03-24 00:00:00 +0000 UTC,2024-03-24 22:09:05
2024-04-03 11:50:14,,11519429,2024-04-03 00:00:00 +0000 UTC,2024-04-03 11:50:14
2024-04-08 21:24:34,,11519429,2024-04-08 00:00:00 +0000 UTC,2024-04-08 21:24:34
2024-04-25 12:03:14,,11519429,2024-04-25 00:00:00 +0000 UTC,2024-04-25 12:03:14
2024-04-26 11:42:19,,11519429,2024-04-26 00:00:00 +0000 UTC,2024-04-26 11:42:19
2024-05-03 22:03:57,,11519429,2024-05-03 00:00:00 +0000 UTC,2024-05-03 22:03:57
2024-05-11 20:35:06,,11519429,2024-05-11 00:00:00 +0000 UTC,2024-05-11 20:35:06
2024-05-17 22:31:57,,11519429,2024-05-17 00:00:00 +0000 UTC,2024-05-17 22:31:57
2024-05-25 22:16:19,,11519429,2024-05-25 00:00:00 +0000 UTC,2024-05-25 22:16:19
2024-05-30 20:27:34,,11519429,2024-05-30 00:00:00 +0000 UTC,2024-05-30 20:27:34
2024-06-16 21:31:07,,11519429,2024-06-16 00:00:00 +0000 UTC,2024-06-16 21:31:07
2024-06-22 11:41:36,,11519429,2024-06-22 00:00:00 +0000 UTC,2024-06-22 11:41:36
2024-06-24 20:22:02,,11519429,2024-06-24 00:00:00 +0000 UTC,2024-06-24 20:22:02
2024-06-28 09:35:00,,11519429,2024-06-28 00:00:00 +0000 UTC,2024-06-28 09:35:00
2024-06-30 11:45:33,,11519429,2024-06-30 00:00:00 +0000 UTC,2024-06-30 11:45:33
2024-07-02 17:57:47,,11519429,2024-07-02 00:00:00 +0000 UTC,2024-07-02 17:57:47
2024-07-05 22:14:47,,11519429,2024-07-05 00:00:00 +0000 UTC,2024-07-05 22:14:47
2024-07-09 18:27:03,,11519429,2024-07-09 00:00:00 +0000 UTC,2024-07-09 18:27:03
2024-07-13 12:55:05,,11519429,2024-07-13 00:00:00 +0000 UTC,2024-07-13 12:55:05
2024-07-21 21:35:16,,11519429,2024-07-21 00:00:00 +0000 UTC,2024-07-21 21:35:16
2024-08-03 18:15:44,,11519429,2024-08-03 00:00:00 +0000 UTC,2024-08-03 18:15:44
2024-08-12 21:07:01,,11519429,2024-08-12 00:00:00 +0000 UTC,2024-08-12 21:07:01
2024-08-15 21:18:23,,11519429,2024-08-15 00:00:00 +0000 UTC,2024-08-15 21:18:23
2024-08-23 21:47:12,,11519429,2024-08-23 00:00:00 +0000 UTC,2024-08-23 21:47:12
2024-08-25 19:38:28,,11519429,2024-08-25 00:00:00 +0000 UTC,2024-08-25 19:38:28
2024-08-27 20:06:03,,11519429,2024-08-27 00:00:00 +0000 UTC,2024-08-27 20:06:03
2024-08-30 10:07:11,,11519429,2024-08-30 00:00:00 +0000 UTC,2024-08-30 10:07:11
2024-09-08 07:17:26,,11519429,2024-09-08 00:00:00 +0000 UTC,2024-09-08 07:17:26
2024-09-17 21:26:31,,11519429,2024-09-17 00:00:00 +0000 UTC,2024-09-17 21:26:31
2024-09-20 21:54:39,,11519429,2024-09-20 00:00:00 +0000 UTC,2024-09-20 21:54:39
2024-09-23 06:58:39,,11519429,2024-09-23 00:00:00 +0000 UTC,2024-09-23 06:58:39
2024-10-11 14:03:52,,11519429,2024-10-11 00:00:00 +0000 UTC,2024-10-11 14:03:52
2024-10-19 20:47:07,,11519429,2024-10-19 00:00:00 +0000 UTC,2024-10-19 20:47:07
2024-10-24 17:52:47,,11519429,2024-10-24 00:00:00 +0000 UTC,2024-10-24 17:52:47
2024-10-26 18:46:04,,11519429,2024-10-26 00:00:00 +0000 UTC,2024-10-26 18:46:04
2024-11-04 21:00:48,,11519429,2024-11-04 00:00:00 +0000 UTC,2024-11-04 21:00:48
2024-11-24 21:55:23,,11519429,2024-11-24 00:00:00 +0000 UTC,2024-11-24 21:55:23
2024-11-28 14:22:32,,11519429,2024-11-28 00:00:00 +0000 UTC,2024-11-28 14:22:32
2024-12-05 21:55:25,,11519429,2024-12-05 00:00:00 +0000 UTC,2024-12-05 21:55:25
2024-12-29 13:19:17,,11519429,2024-12-29 00:00:00 +0000 UTC,2024-12-29 13:19:17
2025-01-09 22:14:36,,11519429,2025-01-09 00:00:00 +0000 UTC,2025-01-09 22:14:36
2025-01-10 22:30:54,,11519429,2025-01-10 00:00:00 +0000 UTC,2025-01-10 22:30:54
2025-01-11 13:30:41,,11519429,2025-01-11 00:00:00 +0000 UTC,2025-01-11 13:30:41
2025-01-21 21:32:18,,11519429,2025-01-21 00:00:00 +0000 UTC,2025-01-21 21:32:18
2025-01-22 17:10:48,,11519429,2025-01-22 00:00:00 +0000 UTC,2025-01-22 17:10:48
2025-02-02 14:00:46,,11519429,2025-02-02 00:00:00 +0000 UTC,2025-02-02 14:00:46
2025-02-03 14:21:53,,11519429,2025-02-03 00:00:00 +0000 UTC,2025-02-03 14:21:53
2025-02-06 22:34:28,,11519429,2025-02-06 00:00:00 +0000 UTC,2025-02-06 22:34:28
2025-02-13 20:33:08,,11519429,2025-02-13 00:00:00 +0000 UTC,2025-02-13 20:33:08
2025-02-16 21:56:08,,11519429,2025-02-16 00:00:00 +0000 UTC,2025-02-16 21:56:08
2025-02-26 22:21:16,,11519429,2025-02-26 00:00:00 +0000 UTC,2025-02-26 22:21:16
2025-03-02 15:12:59,,11519429,2025-03-02 00:00:00 +0000 UTC,2025-03-02 15:12:59
2025-03-04 19:09:21,,11519429,2025-03-04 00:00:00 +0000 UTC,2025-03-04 19:09:21
2025-03-18 14:13:28,,11519429,2025-03-18 00:00:00 +0000 UTC,2025-03-18 14:13:28
2025-03-19 22:29:05,,11519429,2025-03-19 00:00:00 +0000 UTC,2025-03-19 22:29:05
2025-03-30 20:06:18,,11519429,2025-03-30 00:00:00 +0000 UTC,2025-03-30 20:06:18
2025-04-06 10:13:05,,11519429,2025-04-06 00:00:00 +0000 UTC,2025-04-06 10:13:05
2025-04-08 15:49:52,,11519429,2025-04-08 00:00:00 +0000 UTC,2025-04-08 15:49:52
2025-04-13 21:13:31,,11519429,2025-04-13 00:00:00 +0000 UTC,2025-04-13 21:13:31
2025-05-09 18:29:57,,11519429,2025-05-09 00:00:00 +0000 UTC,2025-05-09 18:29:57
2025-05-22 22:02:08,,11519429,2025-05-22 00:00:00 +0000 UTC,2025-05-22 22:02:08
2025-05-26 20:33:44,,11519429,2025-05-26 00:00:00 +0000 UTC,2025-05-26 20:33:44
2025-05-31 17:34:26,,11519429,2025-05-31 00:00:00 +0000 UTC,2025-05-31 17:34:26
2025-06-02 21:34:14,,11519429,2025-06-02 00:00:00 +0000 UTC,2025-06-02 21:34:14
2025-06-08 10:34:07,,11519429,2025-06-08 00:00:00 +0000 UTC,2025-06-08 10:34:07
2025-06-16 16:42:15,,11519429,2025-06-16 00:00:00 +0000 UTC,2025-06-16 16:42:15
2025-06-22 21:19:03,,11519429,2025-06-22 00:00:00 +0000 UTC,2025-06-22 21:19:03
2025-06-29 22:02:16,,11519429,2025-06-29 00:00:00 +0000 UTC,2025-06-29 22:02:16
2025-07-10 20:02:13,,11519429,2025-07-10 00:00:00 +0000 UTC,2025-07-10 20:02:13
2025-07-20 20:11:38,,11519429,2025-07-20 00:00:00 +0000 UTC,2025-07-20 20:11:38
2025-07-23 21:26:49,,11519429,2025-07-23 00:00:00 +0000 UTC,2025-07-23 21:26:49
2025-08-01 21:56:17,,11519429,2025-08-01 00:00:00 +0000 UTC,2025-08-01 21:56:17
2025-08-05 21:30:12,,11519429,2025-08-05 00:00:00 +0000 UTC,2025-08-05 21:30:12
2025-08-06 21:30:11,,11519429,2025-08-06 00:00:00 +0000 UTC,2025-08-06 21:30:11
2025-08-13 18:15:28,,11519429,2025-08-13 00:00:00 +0000 UTC,2025-08-13 18:15:28
2025-08-20 21:40:22,,11519429,2025-08-20 00:00:00 +0000 UTC,2025-08-20 21:40:22
2025-08-23 10:40:20,,11519429,2025-08-23 00:00:00 +0000 UTC,2025-08-23 10:40:20
2025-08-27 18:55:23,,11519429,2025-08-27 00:00:00 +0000 UTC,2025-08-27 18:55:23
2025-08-31 21:44:47,,11519429,2025-08-31 00:00:00 +0000 UTC,2025-08-31 21:44:47
2025-09-21 18:20:49,,11519429,2025-09-21 00:00:00 +0000 UTC,2025-09-21 18:20:49
2025-09-29 21:10:47,,11519429,2025-09-29 00:00:00 +0000 UTC,2025-09-29 21:10:47
2025-10-14 21:31:39,,11519429,2025-10-14 00:00:00 +0000 UTC,2025-10-14 21:31:39
2025-10-16 20:16:01,,11519429,2025-10-16 00:00:00 +0000 UTC,2025-10-16 20:16:01
2025-10-22 11:55:10,,11519429,2025-10-22 00:00:00 +0000 UTC,2025-10-22 11:55:10
2025-10-23 05:01:25,,11519429,2025-10-23 00:00:00 +0000 UTC,2025-10-23 05:01:25
2025-10-27 06:36:33,,11519429,2025-10-27 00:00:00 +0000 UTC,2025-10-27 06:36:33
2025-11-03 17:49:06,,11519429,2025-11-03 00:00:00 +0000 UTC,2025-11-03 17:49:06
2025-11-16 14:13:50,,11519429,2025-11-16 00:00:00 +0000 UTC,2025-11-16 14:13:50
2025-11-21 22:07:35,,11519429,2025-11-21 00:00:00 +0000 UTC,2025-11-21 22:07:35
2025-12-19 17:18:00,,11519429,2025-12-19 00:00:00 +0000 UTC,2025-12-19 17:18:00
2025-12-24 22:03:41,,11519429,2025-12-24 00:00:00 +0000 UTC,2025-12-24 22:03:41
2025-12-29 19:59:10,,11519429,2025-12-29 00:00:00 +0000 UTC,2025-12-29 19:59:10
2026-01-05 22:55:35,,11519429,2026-01-05 00:00:00 +0000 UTC,2026-01-05 22:55:35
2026-01-15 22:00:52,,11519429,2026-01-15 00:00:00 +0000 UTC,2026-01-15 22:00:52
2026-01-17 13:54:36,,11519429,2026-01-17 00:00:00 +0000 UTC,2026-01-17 13:54:36
2026-01-22 13:06:20,,11519429,2026-01-22 00:00:00 +0000 UTC,2026-01-22 13:06:20
2026-01-23 22:44:44,,11519429,2026-01-23 00:00:00 +0000 UTC,2026-01-23 22:44:44
2026-01-24 23:16:15,,11519429,2026-01-24 00:00:00 +0000 UTC,2026-01-24 23:16:15
2026-02-11 22:24:20,,11519429,2026-02-11 00:00:00 +0000 UTC,2026-02-11 22:24:20
2026-03-13 19:22:39,,11519429,2026-03-13 00:00:00 +0000 UTC,2026-03-13 19:22:39
2026-03-14 12:46:21,,11519429,2026-03-14 00:00:00 +0000 UTC,2026-03-14 12:46:21
2026-03-21 22:54:55,,11519429,2026-03-21 00:00:00 +0000 UTC,2026-03-21 22:54:55
2026-03-31 18:39:51,,11519429,2026-03-31 00:00:00 +0000 UTC,2026-03-31 18:39:51
2026-04-02 21:13:37,,11519429,2026-04-02 00:00:00 +0000 UTC,2026-04-02 21:13:37
2026-04-07 18:04:01,,11519429,2026-04-07 00:00:00 +0000 UTC,2026-04-07 18:04:01
2026-04-09 20:54:42,,11519429,2026-04-09 00:00:00 +0000 UTC,2026-04-09 20:54:42
2026-04-12 19:04:32,,11519429,2026-04-12 00:00:00 +0000 UTC,2026-04-12 19:04:32
2026-04-18 20:21:48,,11519429,2026-04-18 00:00:00 +0000 UTC,2026-04-18 20:21:48
2026-04-20 21:30:56,,11519429,2026-04-20 00:00:00 +0000 UTC,2026-04-20 21:30:56
2026-04-22 21:18:51,,11519429,2026-04-22 00:00:00 +0000 UTC,2026-04-22 21:18:51
2026-04-23 19:34:05,,11519429,2026-04-23 00:00:00 +0000 UTC,2026-04-23 19:34:05
2026-05-05 05:22:25,,11519429,2026-05-05 00:00:00 +0000 UTC,2026-05-05 05:22:25
2026-05-10 19:10:32,,11519429,2026-05-10 00:00:00 +0000 UTC,2026-05-10 19:10:32
2026-05-18 19:00:11,,11519429,2026-05-18 00:00:00 +0000 UTC,2026-05-18 19:00:11
2026-05-20 18:02:19,,11519429,2026-05-20 00:00:00 +0000 UTC,2026-05-20 18:02:19
2026-05-24 11:39:49,,11519429,2026-05-24 00:00:00 +0000 UTC,2026-05-24 11:39:49
2026-05-26 21:12:49,,11519429,2026-05-26 00:00:00 +0000 UTC,2026-05-26 21:12:49
2026-05-31 08:06:07,,11519429,2026-05-31 00:00:00 +0000 UTC,2026-05-31 08:06:07
2026-06-01 05:11:09,,11519429,2026-06-01 00:00:00 +0000 UTC,2026-06-01 05:11:09
2026-06-03 18:32:16,,11519429,2026-06-03 00:00:00 +0000 UTC,2026-06-03 18:32:16
2026-06-04 20:19:07,,11519429,2026-06-04 00:00:00 +0000 UTC,2026-06-04 20:19:07
2026-06-10 05:22:29,,11519429,2026-06-10 00:00:00 +0000 UTC,2026-06-10 05:22:29
2026-06-16 20:33:02,,11519429,2026-06-16 00:00:00 +0000 UTC,2026-06-16 20:33:02
2026-06-17 21:20:59,,11519429,2026-06-17 00:00:00 +0000 UTC,2026-06-17 21:20:59
2026-06-18 11:20:01,,11519429,2026-06-18 00:00:00 +0000 UTC,2026-06-18 11:20:01
2026-06-24 08:00:16,,11519429,2026-06-24 00:00:00 +0000 UTC,2026-06-24 08:00:16
2026-07-10 07:37:38,,11519429,2026-07-10 00:00:00 +0000 UTC,2026-07-10 07:37:38
